"Room","Date","Tair","PARFac","LA","sigma","dailyCarbon","GPP","R_leaf","R_root","R_stem","R_leaf_se","R_root_se","R_stem_se"
1,2016-01-08,19.1801875,2,24.25486435,0.901682082,0.0116374661799613,0.0104932947343521,0.00827223871041028,0.00707850099788716,0.00738426306263253,0.000709967438183304,0.000640862043170639,0.000533724233000095
1,2016-01-17,18.9087916666667,2,33.07914344,0.901662721,0.0173221498275423,0.0156187367470715,0.00827223871041028,0.00707850099788716,0.00738426306263253,0.000709967438183304,0.000640862043170639,0.000533724233000095
1,2016-01-15,18.6287291666667,2,30.40122969,0.901668301,0.0118153588087102,0.0106535345027552,0.00827223871041028,0.00707850099788716,0.00738426306263253,0.000709967438183304,0.000640862043170639,0.000533724233000095
1,2016-01-26,18.7616458333333,2,57.14222491,0.901611796,0.0260379148854611,0.0234760912039757,0.00827223871041028,0.00707850099788716,0.00738426306263253,0.000709967438183304,0.000640862043170639,0.000533724233000095
1,2016-01-24,18.5833680555556,1,49.68005351,0.901627786,0.0124093844578791,0.0111886458343803,0.00827223871041028,0.00707850099788716,0.00738426306263253,0.000709967438183304,0.000640862043170639,0.000533724233000095
1,2016-01-11,18.7246388888889,3,26.57600616,0.901676559,0.018178831236942,0.0163914259963676,0.00827223871041028,0.00707850099788716,0.00738426306263253,0.000709967438183304,0.000640862043170639,0.000533724233000095
1,2016-01-09,19.1183888888889,1,25.0266633,0.901680186,0.00807744263571809,0.00728326997817862,0.00827223871041028,0.00707850099788716,0.00738426306263253,0.000709967438183304,0.000640862043170639,0.000533724233000095
1,2016-01-18,19.1724861111111,3,34.69737056,0.901659362,0.0224618206537311,0.0202529108800016,0.00827223871041028,0.00707850099788716,0.00738426306263253,0.000709967438183304,0.000640862043170639,0.000533724233000095
1,2016-01-16,18.7376388888889,2,31.65547218,0.901665681,0.0132073849844151,0.0119086457762018,0.00827223871041028,0.00707850099788716,0.00738426306263253,0.000709967438183304,0.000640862043170639,0.000533724233000095
1,2016-01-27,18.4359027777778,1,61.42168834,0.901602575,0.0156312443227739,0.0140931701318671,0.00827223871041028,0.00707850099788716,0.00738426306263253,0.000709967438183304,0.000640862043170639,0.000533724233000095
1,2016-01-25,18.6027986111111,1,53.23469021,0.901620185,0.0116877881943729,0.0105379457540513,0.00827223871041028,0.00707850099788716,0.00738426306263253,0.000709967438183304,0.000640862043170639,0.000533724233000095
1,2016-01-12,18.8048888888889,2,27.40380421,0.901674709,0.0127052500418436,0.0114560026342516,0.00827223871041028,0.00707850099788716,0.00738426306263253,0.000709967438183304,0.000640862043170639,0.000533724233000095
1,2016-01-10,18.3146458333333,2,25.79200154,0.901678365,0.0145067322982693,0.0130804066601962,0.00827223871041028,0.00707850099788716,0.00738426306263253,0.000709967438183304,0.000640862043170639,0.000533724233000095
1,2016-01-19,19.1684027777778,3,36.53426453,0.901655543,0.0236364270426909,0.0213119154597574,0.00827223871041028,0.00707850099788716,0.00738426306263253,0.000709967438183304,0.000640862043170639,0.000533724233000095
1,2016-01-30,18.6186458333333,2,76.71863701,0.901569454,0.0368771829543718,0.0332473417012311,0.00827223871041028,0.00707850099788716,0.00738426306263253,0.000709967438183304,0.000640862043170639,0.000533724233000095
1,2016-01-28,18.7042430555556,2,66.09211121,0.901592476,0.0372083809378787,0.0335467962977332,0.00827223871041028,0.00707850099788716,0.00738426306263253,0.000709967438183304,0.000640862043170639,0.000533724233000095
1,2016-02-06,18.4398263888889,2,132.2015194,0.901449136,0.0528813593345388,0.0476698556826255,0.00827223871041028,0.00707850099788716,0.00738426306263253,0.000709967438183304,0.000640862043170639,0.000533724233000095
1,2016-01-13,19.0299930555556,3,28.30052278,0.901672755,0.0177688428754619,0.0160216815086799,0.00827223871041028,0.00707850099788716,0.00738426306263253,0.000709967438183304,0.000640862043170639,0.000533724233000095
1,2016-02-13,18.4228125,2,228.2012783,0.901238473,0.13956682335671,0.125782990763462,0.00827223871041028,0.00707850099788716,0.00738426306263253,0.000709967438183304,0.000640862043170639,0.000533724233000095
1,2016-01-22,18.6142986111111,1,43.55335119,0.901640803,0.00689249239783377,0.00621455238025424,0.00827223871041028,0.00707850099788716,0.00738426306263253,0.000709967438183304,0.000640862043170639,0.000533724233000095
1,2016-01-31,18.6649375,3,82.76323478,0.901556377,0.0464908470838244,0.0419141196605538,0.00827223871041028,0.00707850099788716,0.00738426306263253,0.000709967438183304,0.000640862043170639,0.000533724233000095
1,2016-01-29,18.6119375,2,71.1771091,0.901581454,0.0300818027571379,0.0271211954687216,0.00827223871041028,0.00707850099788716,0.00738426306263253,0.000709967438183304,0.000640862043170639,0.000533724233000095
1,2016-02-07,18.5389027777778,2,143.0707216,0.901425442,0.0742161674725501,0.0669003415674895,0.00827223871041028,0.00707850099788716,0.00738426306263253,0.000709967438183304,0.000640862043170639,0.000533724233000095
1,2016-01-14,19.0288958333333,2,29.29128891,0.901670639,0.0142894718427021,0.0128843972073817,0.00827223871041028,0.00707850099788716,0.00738426306263253,0.000709967438183304,0.000640862043170639,0.000533724233000095
1,2016-02-14,18.4157569444444,2,246.1051313,0.901198892,0.134607909573944,0.121308498962475,0.00827223871041028,0.00707850099788716,0.00738426306263253,0.000709967438183304,0.000640862043170639,0.000533724233000095
1,2016-01-23,18.7601666666667,2,46.45928408,0.901634644,0.0222777422496239,0.0200863842023634,0.00827223871041028,0.00707850099788716,0.00738426306263253,0.000709967438183304,0.000640862043170639,0.000533724233000095
1,2016-02-01,18.4816666666667,2,89.35744224,0.901542112,0.034034112118005,0.030683185318911,0.00827223871041028,0.00707850099788716,0.00738426306263253,0.000709967438183304,0.000640862043170639,0.000533724233000095
1,2016-02-10,18.7205,3,181.1106298,0.901342186,0.119305179586321,0.107534791369457,0.00827223871041028,0.00707850099788716,0.00738426306263253,0.000709967438183304,0.000640862043170639,0.000533724233000095
1,2016-02-08,18.6941666666667,3,154.8153125,0.901399792,0.100550587897119,0.0906362790159407,0.00827223871041028,0.00707850099788716,0.00738426306263253,0.000709967438183304,0.000640862043170639,0.000533724233000095
1,2016-02-17,18.2359236111111,2,307.0241681,0.901063732,0.172355876759145,0.155303629544727,0.00827223871041028,0.00707850099788716,0.00738426306263253,0.000709967438183304,0.000640862043170639,0.000533724233000095
1,2016-02-15,18.4178402777778,3,265.1822988,0.90115664,0.162875962321347,0.146776754942272,0.00827223871041028,0.00707850099788716,0.00738426306263253,0.000709967438183304,0.000640862043170639,0.000533724233000095
1,2016-02-04,18.3961527777778,1,112.9031212,0.901491096,0.0313771770344482,0.0282862457141707,0.00827223871041028,0.00707850099788716,0.00738426306263253,0.000709967438183304,0.000640862043170639,0.000533724233000095
1,2016-02-02,18.6092986111111,3,96.54779923,0.90152655,0.0608574845820214,0.0548646381169079,0.00827223871041028,0.00707850099788716,0.00738426306263253,0.000709967438183304,0.000640862043170639,0.000533724233000095
1,2016-02-11,17.9707569444444,2,195.7459252,0.901310021,0.10383322727319,0.0935859282540964,0.00827223871041028,0.00707850099788716,0.00738426306263253,0.000709967438183304,0.000640862043170639,0.000533724233000095
1,2016-02-09,18.5416527777778,2,167.4810581,0.901372076,0.0818911345840649,0.073814381986034,0.00827223871041028,0.00707850099788716,0.00738426306263253,0.000709967438183304,0.000640862043170639,0.000533724233000095
1,2016-02-18,18.3692708333333,2,329.8726653,0.901012877,0.195997412819307,0.176596192808881,0.00827223871041028,0.00707850099788716,0.00738426306263253,0.000709967438183304,0.000640862043170639,0.000533724233000095
1,2016-02-16,18.2692986111111,2,285.4746785,0.90111162,0.308817693663494,0.278279212221775,0.00827223871041028,0.00707850099788716,0.00738426306263253,0.000709967438183304,0.000640862043170639,0.000533724233000095
1,2016-02-05,18.3492638888889,2,122.1611658,0.901470985,0.0471311442409892,0.0424873590231016,0.00827223871041028,0.00707850099788716,0.00738426306263253,0.000709967438183304,0.000640862043170639,0.000533724233000095
1,2016-02-03,18.6632777777778,2,104.3808456,0.901509582,0.115973608435153,0.104551319263406,0.00827223871041028,0.00707850099788716,0.00738426306263253,0.000709967438183304,0.000640862043170639,0.000533724233000095
1,2016-02-12,18.2514027777778,2,211.4288422,0.901275483,0.129231279022975,0.116472983420139,0.00827223871041028,0.00707850099788716,0.00738426306263253,0.000709967438183304,0.000640862043170639,0.000533724233000095
1,2016-02-21,18.3501736111111,2,406.6311794,0.900841524,0.183183706137454,0.165019489008833,0.00827223871041028,0.00707850099788716,0.00738426306263253,0.000709967438183304,0.000640862043170639,0.000533724233000095
1,2016-02-19,18.5607291666667,2,354.0620678,0.900958957,0.216636001440543,0.195180145906522,0.00827223871041028,0.00707850099788716,0.00738426306263253,0.000709967438183304,0.000640862043170639,0.000533724233000095
1,2016-02-28,18.4986666666667,3,639.0205463,0.90031941,0.38432997205099,0.346019733682263,0.00827223871041028,0.00707850099788716,0.00738426306263253,0.000709967438183304,0.000640862043170639,0.000533724233000095
1,2016-02-26,18.3261319444444,1,564.4526389,0.900487374,0.1631169259845,0.146884732334735,0.00827223871041028,0.00707850099788716,0.00738426306263253,0.000709967438183304,0.000640862043170639,0.000533724233000095
1,2016-02-29,18.4143402777778,2,678.9233744,0.900229396,0.327136392914261,0.294497797402824,0.00827223871041028,0.00707850099788716,0.00738426306263253,0.000709967438183304,0.000640862043170639,0.000533724233000095
1,2016-02-24,18.2248680555556,3,496.5890786,0.900639911,0.308114538170408,0.277500250235602,0.00827223871041028,0.00707850099788716,0.00738426306263253,0.000709967438183304,0.000640862043170639,0.000533724233000095
1,2016-02-22,18.5266458333333,2,435.0946839,0.900777814,0.263189821704255,0.237075552261808,0.00827223871041028,0.00707850099788716,0.00738426306263253,0.000709967438183304,0.000640862043170639,0.000533724233000095
1,2016-02-20,18.2927361111111,1,379.6342733,0.900901872,0.121476401368834,0.109438317397006,0.00827223871041028,0.00707850099788716,0.00738426306263253,0.000709967438183304,0.000640862043170639,0.000533724233000095
1,2016-02-23,18.5488888888889,3,465.0666844,0.900710642,0.286185052639529,0.257769922493754,0.00827223871041028,0.00707850099788716,0.00738426306263253,0.000709967438183304,0.000640862043170639,0.000533724233000095
1,2016-02-27,18.3786875,2,600.8776004,0.90040537,0.245957022336068,0.221461023700605,0.00827223871041028,0.00707850099788716,0.00738426306263253,0.000709967438183304,0.000640862043170639,0.000533724233000095
1,2016-03-01,18.4054027777778,2,720.6279822,0.900135229,0.364540461117433,0.328135711447706,0.00827223871041028,0.00707850099788716,0.00738426306263253,0.000709967438183304,0.000640862043170639,0.000533724233000095
1,2016-02-25,18.4581875,3,529.7037642,0.900565521,0.323731333881343,0.291541277360876,0.00827223871041028,0.00707850099788716,0.00738426306263253,0.000709967438183304,0.000640862043170639,0.000533724233000095
2,2016-01-24,21.9839722222222,1,62.70339663,0.919667355,0.0192085318572972,0.0176654596866338,0.00826375823044074,0.00677834160144589,0.00783469763387811,0.000547904731311627,0.000445807121432127,0.000574968440989586
2,2016-01-08,22.3458958333333,2,26.14091396,0.91973362,0.0161420467628882,0.0148463831034404,0.00826375823044074,0.00677834160144589,0.00783469763387811,0.000547904731311627,0.000445807121432127,0.000574968440989586
2,2016-01-25,21.9886875,1,70.25464596,0.919655542,0.0184798702252079,0.0169951150680532,0.00826375823044074,0.00677834160144589,0.00783469763387811,0.000547904731311627,0.000445807121432127,0.000574968440989586
2,2016-01-15,22.5392916666667,2,38.02979934,0.919704623,0.0187569213310806,0.0172508272614422,0.00826375823044074,0.00677834160144589,0.00783469763387811,0.000547904731311627,0.000445807121432127,0.000574968440989586
2,2016-01-26,22.1317708333333,2,79.39423829,0.919641003,0.0463839891694074,0.042656618322895,0.00826375823044074,0.00677834160144589,0.00783469763387811,0.000547904731311627,0.000445807121432127,0.000574968440989586
2,2016-01-13,22.3878472222222,3,36.30136301,0.919708547,0.0306278116535246,0.0281686601536528,0.00826375823044074,0.00677834160144589,0.00783469763387811,0.000547904731311627,0.000445807121432127,0.000574968440989586
2,2016-01-11,22.7594791666667,3,33.7155959,0.91971504,0.0306534483938675,0.0281924375157038,0.00826375823044074,0.00677834160144589,0.00783469763387811,0.000547904731311627,0.000445807121432127,0.000574968440989586
2,2016-01-09,22.8681111111111,1,29.31773867,0.919725942,0.0112637933236794,0.0103596029251144,0.00826375823044074,0.00677834160144589,0.00783469763387811,0.000547904731311627,0.000445807121432127,0.000574968440989586
2,2016-01-18,22.8340972222222,3,41.10349471,0.919699535,0.0361563218446106,0.0332529523877987,0.00826375823044074,0.00677834160144589,0.00783469763387811,0.000547904731311627,0.000445807121432127,0.000574968440989586
2,2016-01-16,22.7557013888889,2,38.87088076,0.91970305,0.0200523611217529,0.0184422176833776,0.00826375823044074,0.00677834160144589,0.00783469763387811,0.000547904731311627,0.000445807121432127,0.000574968440989586
2,2016-01-27,22.0044305555556,1,90.29445233,0.919623405,0.0268836435424134,0.0247228278132804,0.00826375823044074,0.00677834160144589,0.00783469763387811,0.000547904731311627,0.000445807121432127,0.000574968440989586
2,2016-01-14,22.6399930555556,2,37.21307506,0.919706378,0.0248075153455959,0.0228156300856775,0.00826375823044074,0.00677834160144589,0.00783469763387811,0.000547904731311627,0.000445807121432127,0.000574968440989586
2,2016-01-12,22.3000486111111,2,35.17531826,0.919711357,0.0198825195975574,0.0182861790796486,0.00826375823044074,0.00677834160144589,0.00783469763387811,0.000547904731311627,0.000445807121432127,0.000574968440989586
2,2016-01-10,22.8556041666667,2,31.80285101,0.919719825,0.0227125431588856,0.0208891762193952,0.00826375823044074,0.00677834160144589,0.00783469763387811,0.000547904731311627,0.000445807121432127,0.000574968440989586
2,2016-01-19,22.8263888888889,3,42.74253937,0.919697132,0.0381278091521668,0.0350660367266911,0.00826375823044074,0.00677834160144589,0.00783469763387811,0.000547904731311627,0.000445807121432127,0.000574968440989586
2,2016-01-17,22.7346597222222,2,39.85566425,0.919701431,0.0262274776010428,0.0241214486811995,0.00826375823044074,0.00677834160144589,0.00783469763387811,0.000547904731311627,0.000445807121432127,0.000574968440989586
2,2016-01-28,22.2982083333333,2,103.1275668,0.919602417,0.0777048580079412,0.0714575752367445,0.00826375823044074,0.00677834160144589,0.00783469763387811,0.000547904731311627,0.000445807121432127,0.000574968440989586
2,2016-02-06,22.1189305555556,2,305.0108185,0.919245489,0.146981694567032,0.13511225969632,0.00826375823044074,0.00677834160144589,0.00783469763387811,0.000547904731311627,0.000445807121432127,0.000574968440989586
2,2016-02-15,22.4787152777778,3,631.1812748,0.918640587,0.437786266345608,0.402168232696267,0.00826375823044074,0.00677834160144589,0.00783469763387811,0.000547904731311627,0.000445807121432127,0.000574968440989586
2,2016-02-13,22.5070416666667,2,549.690406,0.918792764,0.393442473253813,0.361492097475867,0.00826375823044074,0.00677834160144589,0.00783469763387811,0.000547904731311627,0.000445807121432127,0.000574968440989586
2,2016-01-22,22.0119097222222,1,51.67681203,0.919684129,0.00958133402043873,0.00881180083324526,0.00826375823044074,0.00677834160144589,0.00783469763387811,0.000547904731311627,0.000445807121432127,0.000574968440989586
2,2016-01-31,22.1585694444444,3,153.8722377,0.91951641,0.119294995936246,0.109693706394261,0.00826375823044074,0.00677834160144589,0.00783469763387811,0.000547904731311627,0.000445807121432127,0.000574968440989586
2,2016-01-29,22.1523055555556,2,118.0260508,0.919577708,0.0620456239434036,0.057055772657305,0.00826375823044074,0.00677834160144589,0.00783469763387811,0.000547904731311627,0.000445807121432127,0.000574968440989586
2,2016-02-07,22.2555347222222,2,335.8598322,0.91918899,0.218301504631476,0.200660339557687,0.00826375823044074,0.00677834160144589,0.00783469763387811,0.000547904731311627,0.000445807121432127,0.000574968440989586
2,2016-02-16,22.3228472222222,2,673.7231907,0.918560964,0.809146112241114,0.743250032877049,0.00826375823044074,0.00677834160144589,0.00783469763387811,0.000547904731311627,0.000445807121432127,0.000574968440989586
2,2016-02-14,22.5539861111111,2,589.8282557,0.918717871,0.372722333248526,0.342426668476238,0.00826375823044074,0.00677834160144589,0.00783469763387811,0.000547904731311627,0.000445807121432127,0.000574968440989586
2,2016-01-23,22.1477638888889,2,56.56821156,0.919676774,0.034577944160589,0.0318005321371627,0.00826375823044074,0.00677834160144589,0.00783469763387811,0.000547904731311627,0.000445807121432127,0.000574968440989586
2,2016-02-01,21.9288402777778,2,174.6867814,0.919480001,0.0835960905709517,0.0768649334417748,0.00826375823044074,0.00677834160144589,0.00783469763387811,0.000547904731311627,0.000445807121432127,0.000574968440989586
2,2016-01-30,22.1782222222222,2,134.9631342,0.919549021,0.0865934120095054,0.0796268872383904,0.00826375823044074,0.00677834160144589,0.00783469763387811,0.000547904731311627,0.000445807121432127,0.000574968440989586
2,2016-02-08,22.4544583333333,3,368.148229,0.919129592,0.308588922780624,0.283633210691074,0.00826375823044074,0.00677834160144589,0.00783469763387811,0.000547904731311627,0.000445807121432127,0.000574968440989586
2,2016-02-17,22.7676805555556,2,717.4277313,0.918479051,0.435025678283902,0.39956197215083,0.00826375823044074,0.00677834160144589,0.00783469763387811,0.000547904731311627,0.000445807121432127,0.000574968440989586
2,2016-02-26,22.2938472222222,1,1158.751765,0.917647173,0.378992719030348,0.347781597205782,0.00826375823044074,0.00677834160144589,0.00783469763387811,0.000547904731311627,0.000445807121432127,0.000574968440989586
2,2016-02-04,21.9919097222222,1,247.8972585,0.919349275,0.0812202126697959,0.0746697436333226,0.00826375823044074,0.00677834160144589,0.00783469763387811,0.000547904731311627,0.000445807121432127,0.000574968440989586
2,2016-02-02,22.2824236111111,3,197.3401859,0.919439924,0.174133105438149,0.160104929229936,0.00826375823044074,0.00677834160144589,0.00783469763387811,0.000547904731311627,0.000445807121432127,0.000574968440989586
2,2016-02-11,22.1661458333333,2,473.1653038,0.918935177,0.296856982585013,0.272792323835445,0.00826375823044074,0.00677834160144589,0.00783469763387811,0.000547904731311627,0.000445807121432127,0.000574968440989586
2,2016-02-09,22.2273819444444,2,401.816147,0.919067422,0.234490623222063,0.215512692567875,0.00826375823044074,0.00677834160144589,0.00783469763387811,0.000547904731311627,0.000445807121432127,0.000574968440989586
2,2016-02-18,22.5415069444444,2,762.2686241,0.9183949,0.493130332423527,0.452888382333072,0.00826375823044074,0.00677834160144589,0.00783469763387811,0.000547904731311627,0.000445807121432127,0.000574968440989586
2,2016-02-27,22.2809722222222,2,1212.637572,0.917545151,0.565757473089516,0.519108026075298,0.00826375823044074,0.00677834160144589,0.00783469763387811,0.000547904731311627,0.000445807121432127,0.000574968440989586
2,2016-02-05,21.8865625,2,275.6677674,0.91929896,0.129271416553765,0.118839078795603,0.00826375823044074,0.00677834160144589,0.00783469763387811,0.000547904731311627,0.000445807121432127,0.000574968440989586
2,2016-02-03,22.3520555555556,2,221.7658714,0.919396305,0.329980777202361,0.303383107280879,0.00826375823044074,0.00677834160144589,0.00783469763387811,0.000547904731311627,0.000445807121432127,0.000574968440989586
2,2016-02-12,22.2902777777778,2,510.7939979,0.918865217,0.370251383794505,0.340211118114888,0.00826375823044074,0.00677834160144589,0.00783469763387811,0.000547904731311627,0.000445807121432127,0.000574968440989586
2,2016-02-10,22.4495972222222,3,436.8305961,0.919002596,0.356940195278395,0.328028966077592,0.00826375823044074,0.00677834160144589,0.00783469763387811,0.000547904731311627,0.000445807121432127,0.000574968440989586
2,2016-02-19,22.5104513888889,2,808.2195968,0.918308561,0.547437668363932,0.502716697472478,0.00826375823044074,0.00677834160144589,0.00783469763387811,0.000547904731311627,0.000445807121432127,0.000574968440989586
2,2016-02-28,22.3972569444444,3,1267.397008,0.917441396,0.872481570646731,0.800450710158409,0.00826375823044074,0.00677834160144589,0.00783469763387811,0.000547904731311627,0.000445807121432127,0.000574968440989586
2,2016-02-20,22.1799097222222,1,855.254377,0.918220085,0.309814992010634,0.284478348298279,0.00826375823044074,0.00677834160144589,0.00783469763387811,0.000547904731311627,0.000445807121432127,0.000574968440989586
2,2016-02-29,22.3048611111111,2,1323.003801,0.917335959,0.727272278799075,0.667153013326265,0.00826375823044074,0.00677834160144589,0.00783469763387811,0.000547904731311627,0.000445807121432127,0.000574968440989586
2,2016-02-24,22.4698263888889,3,1053.706126,0.917845816,0.725829380391519,0.666199459922228,0.00826375823044074,0.00677834160144589,0.00783469763387811,0.000547904731311627,0.000445807121432127,0.000574968440989586
2,2016-02-22,22.8727986111111,2,952.4702707,0.918036922,0.635842443263024,0.583726839490146,0.00826375823044074,0.00677834160144589,0.00783469763387811,0.000547904731311627,0.000445807121432127,0.000574968440989586
2,2016-02-25,22.2106666666667,3,1105.765859,0.917747412,0.767638333650748,0.704498094059966,0.00826375823044074,0.00677834160144589,0.00783469763387811,0.000547904731311627,0.000445807121432127,0.000574968440989586
2,2016-02-23,22.0804097222222,3,1002.598839,0.917942337,0.68509109252551,0.62887411853075,0.00826375823044074,0.00677834160144589,0.00783469763387811,0.000547904731311627,0.000445807121432127,0.000574968440989586
2,2016-02-21,22.2436736111111,2,903.3466924,0.918129521,0.456646260541886,0.419260412457763,0.00826375823044074,0.00677834160144589,0.00783469763387811,0.000547904731311627,0.000445807121432127,0.000574968440989586
2,2016-03-01,22.345375,2,1379.431677,0.917228891,0.794157285383535,0.72842400615191,0.00826375823044074,0.00677834160144589,0.00783469763387811,0.000547904731311627,0.000445807121432127,0.000574968440989586
3,2016-01-17,26.3394166666667,2,67.47579214,0.923222424,0.0360821686000158,0.0333118671580833,0.00749599460165951,0.0057913093813485,0.00570364428085247,0.000543892823103506,0.000207063011331168,0.000794371445987633
3,2016-01-15,25.8344791666667,2,60.86572265,0.923233076,0.0243246879093258,0.0224573564412669,0.00749599460165951,0.0057913093813485,0.00570364428085247,0.000543892823103506,0.000207063011331168,0.000794371445987633
3,2016-01-18,26.6620416666667,3,71.46111374,0.923216261,0.0507296855173446,0.0468344705850287,0.00749599460165951,0.0057913093813485,0.00570364428085247,0.000543892823103506,0.000207063011331168,0.000794371445987633
3,2016-01-16,26.1819513888889,2,63.98996974,0.923227948,0.026862145238778,0.024799883227675,0.00749599460165951,0.0057913093813485,0.00570364428085247,0.000543892823103506,0.000207063011331168,0.000794371445987633
3,2016-01-19,27.3924930555556,3,76.09939243,0.923209215,0.053085460690087,0.0490089864916085,0.00749599460165951,0.0057913093813485,0.00570364428085247,0.000543892823103506,0.000207063011331168,0.000794371445987633
3,2016-01-08,25.4271944444444,2,37.5344942,0.923278386,0.0194601190635376,0.0179671073203508,0.00749599460165951,0.0057913093813485,0.00570364428085247,0.000543892823103506,0.000207063011331168,0.000794371445987633
3,2016-02-08,25.6611944444444,3,565.3635572,0.922411532,0.393700323371451,0.363153718429956,0.00749599460165951,0.0057913093813485,0.00570364428085247,0.000543892823103506,0.000207063011331168,0.000794371445987633
3,2016-02-06,25.5272083333333,2,480.9738719,0.922556669,0.190413068492464,0.175666846202476,0.00749599460165951,0.0057913093813485,0.00570364428085247,0.000543892823103506,0.000207063011331168,0.000794371445987633
3,2016-01-13,25.885,3,55.15025879,0.923243122,0.0385271686457204,0.0355699434622954,0.00749599460165951,0.0057913093813485,0.00570364428085247,0.000543892823103506,0.000207063011331168,0.000794371445987633
3,2016-01-24,24.9765069444444,1,116.9416077,0.923148771,0.0289546308473022,0.0267294318814457,0.00749599460165951,0.0057913093813485,0.00570364428085247,0.000543892823103506,0.000207063011331168,0.000794371445987633
3,2016-01-22,25.7965902777778,1,96.15004575,0.923179599,0.0135315793602238,0.012492078007608,0.00749599460165951,0.0057913093813485,0.00570364428085247,0.000543892823103506,0.000207063011331168,0.000794371445987633
3,2016-01-09,26.4506875,1,41.98958327,0.923269197,0.0129449383151531,0.0119516628034459,0.00749599460165951,0.0057913093813485,0.00570364428085247,0.000543892823103506,0.000207063011331168,0.000794371445987633
3,2016-02-09,25.7795972222222,2,608.9621544,0.922336,0.293500571850312,0.270706143438129,0.00749599460165951,0.0057913093813485,0.00570364428085247,0.000543892823103506,0.000207063011331168,0.000794371445987633
3,2016-02-07,25.4061944444444,2,522.6415908,0.9224852,0.281182697040271,0.259386876515734,0.00749599460165951,0.0057913093813485,0.00570364428085247,0.000543892823103506,0.000207063011331168,0.000794371445987633
3,2016-01-14,25.9873958333333,2,57.96512697,0.923238053,0.0317265892430884,0.0292911944811197,0.00749599460165951,0.0057913093813485,0.00570364428085247,0.000543892823103506,0.000207063011331168,0.000794371445987633
3,2016-01-25,25.1797291666667,1,130.2581101,0.923128806,0.0275468342038506,0.0254292761676806,0.00749599460165951,0.0057913093813485,0.00570364428085247,0.000543892823103506,0.000207063011331168,0.000794371445987633
3,2016-01-23,25.6536111111111,2,105.6492955,0.923165566,0.0539036780553546,0.0497620194614532,0.00749599460165951,0.0057913093813485,0.00570364428085247,0.000543892823103506,0.000207063011331168,0.000794371445987633
3,2016-01-10,26.4018888888889,2,45.84078037,0.923261321,0.0274733054267406,0.025365040260529,0.00749599460165951,0.0057913093813485,0.00570364428085247,0.000543892823103506,0.000207063011331168,0.000794371445987633
3,2016-02-10,25.9073472222222,3,653.30708,0.922258918,0.441882642768077,0.407530208002267,0.00749599460165951,0.0057913093813485,0.00570364428085247,0.000543892823103506,0.000207063011331168,0.000794371445987633
3,2016-01-30,25.8120347222222,2,234.7321877,0.922967253,0.123696472187545,0.114167793140729,0.00749599460165951,0.0057913093813485,0.00570364428085247,0.000543892823103506,0.000207063011331168,0.000794371445987633
3,2016-01-28,25.8820694444444,2,184.6640379,0.923045805,0.115490344151938,0.106602877687453,0.00749599460165951,0.0057913093813485,0.00570364428085247,0.000543892823103506,0.000207063011331168,0.000794371445987633
3,2016-01-26,25.7379027777778,2,145.8299307,0.923105263,0.0711486106542966,0.0656776569501191,0.00749599460165951,0.0057913093813485,0.00570364428085247,0.000543892823103506,0.000207063011331168,0.000794371445987633
3,2016-02-04,25.5174027777778,1,401.5589587,0.922691672,0.104856912705041,0.096750600104572,0.00749599460165951,0.0057913093813485,0.00570364428085247,0.000543892823103506,0.000207063011331168,0.000794371445987633
3,2016-01-11,26.4493194444444,3,49.22600939,0.923254512,0.0372960161085145,0.0344337151518107,0.00749599460165951,0.0057913093813485,0.00570364428085247,0.000543892823103506,0.000207063011331168,0.000794371445987633
3,2016-02-11,25.8711180555556,2,698.2798602,0.922180516,0.35821990507013,0.330343416899044,0.00749599460165951,0.0057913093813485,0.00570364428085247,0.000543892823103506,0.000207063011331168,0.000794371445987633
3,2016-01-31,25.629625,3,263.7157018,0.922920553,0.170372662376597,0.157240431776691,0.00749599460165951,0.0057913093813485,0.00570364428085247,0.000543892823103506,0.000207063011331168,0.000794371445987633
3,2016-01-29,25.77675,2,208.3184847,0.923009074,0.0903053742821534,0.0833526798933938,0.00749599460165951,0.0057913093813485,0.00570364428085247,0.000543892823103506,0.000207063011331168,0.000794371445987633
3,2016-01-27,25.5682777777778,1,163.8881974,0.923077732,0.039239438717099,0.0362210520959328,0.00749599460165951,0.0057913093813485,0.00570364428085247,0.000543892823103506,0.000207063011331168,0.000794371445987633
3,2016-02-05,25.3957152777778,2,440.5498461,0.922625605,0.170170536787797,0.157003694457016,0.00749599460165951,0.0057913093813485,0.00570364428085247,0.000543892823103506,0.000207063011331168,0.000794371445987633
3,2016-01-12,25.6114861111111,2,52.28319423,0.923248527,0.024698773632812,0.0228031063752001,0.00749599460165951,0.0057913093813485,0.00570364428085247,0.000543892823103506,0.000207063011331168,0.000794371445987633
3,2016-02-12,26.4579027777778,2,743.7620211,0.922101005,0.440374440950355,0.406069714576635,0.00749599460165951,0.0057913093813485,0.00570364428085247,0.000543892823103506,0.000207063011331168,0.000794371445987633
3,2016-02-01,25.4796597222222,2,295.0795813,0.922869311,0.11528717554762,0.106394996264768,0.00749599460165951,0.0057913093813485,0.00570364428085247,0.000543892823103506,0.000207063011331168,0.000794371445987633
3,2016-03-01,26.0855902777778,2,1514.484878,0.920718765,0.704380799907295,0.648536620180357,0.00749599460165951,0.0057913093813485,0.00570364428085247,0.000543892823103506,0.000207063011331168,0.000794371445987633
3,2016-02-28,26.2331527777778,3,1444.077745,0.920848774,0.80217177260006,0.738678893336172,0.00749599460165951,0.0057913093813485,0.00570364428085247,0.000543892823103506,0.000207063011331168,0.000794371445987633
3,2016-02-26,26.5799305555556,1,1367.651916,0.920988587,0.349325866900259,0.321725136559019,0.00749599460165951,0.0057913093813485,0.00570364428085247,0.000543892823103506,0.000207063011331168,0.000794371445987633
3,2016-02-15,27.1766180555556,3,882.0800501,0.921857904,0.4946472853932,0.455994509731865,0.00749599460165951,0.0057913093813485,0.00570364428085247,0.000543892823103506,0.000207063011331168,0.000794371445987633
3,2016-02-13,26.6165902777778,2,789.6350889,0.922020593,0.461114606226542,0.425157162673958,0.00749599460165951,0.0057913093813485,0.00570364428085247,0.000543892823103506,0.000207063011331168,0.000794371445987633
3,2016-02-02,25.4513541666667,3,328.6343809,0.92281386,0.241638183438736,0.222987064782488,0.00749599460165951,0.0057913093813485,0.00570364428085247,0.000543892823103506,0.000207063011331168,0.000794371445987633
3,2016-02-22,26.7035902777778,2,1200.535332,0.921290918,0.657183977285397,0.605457629728155,0.00749599460165951,0.0057913093813485,0.00570364428085247,0.000543892823103506,0.000207063011331168,0.000794371445987633
3,2016-02-29,26.2492569444444,2,1480.092885,0.92078244,0.655874724237421,0.60391792891766,0.00749599460165951,0.0057913093813485,0.00570364428085247,0.000543892823103506,0.000207063011331168,0.000794371445987633
3,2016-02-27,26.6834513888889,2,1406.557931,0.92091756,0.520662237157131,0.479486997026886,0.00749599460165951,0.0057913093813485,0.00570364428085247,0.000543892823103506,0.000207063011331168,0.000794371445987633
3,2016-02-16,26.4440208333333,2,928.4149958,0.921776047,0.897875182855287,0.827639836751749,0.00749599460165951,0.0057913093813485,0.00570364428085247,0.000543892823103506,0.000207063011331168,0.000794371445987633
3,2016-02-14,26.7562569444444,2,835.7805898,0.921939489,0.425925299431781,0.392677352910308,0.00749599460165951,0.0057913093813485,0.00570364428085247,0.000543892823103506,0.000207063011331168,0.000794371445987633
3,2016-02-03,25.6255694444444,2,364.1906552,0.922754535,0.451098515092972,0.416253200533806,0.00749599460165951,0.0057913093813485,0.00570364428085247,0.000543892823103506,0.000207063011331168,0.000794371445987633
3,2016-02-23,26.6479791666667,3,1243.80141,0.921213021,0.696397645140961,0.64153057849759,0.00749599460165951,0.0057913093813485,0.00570364428085247,0.000543892823103506,0.000207063011331168,0.000794371445987633
3,2016-02-21,26.4943611111111,2,1156.475423,0.92137001,0.468260915780951,0.431441564655704,0.00749599460165951,0.0057913093813485,0.00570364428085247,0.000543892823103506,0.000207063011331168,0.000794371445987633
3,2016-02-19,26.8424513888889,2,1066.448008,0.921530937,0.590170096891523,0.543860002377826,0.00749599460165951,0.0057913093813485,0.00570364428085247,0.000543892823103506,0.000207063011331168,0.000794371445987633
3,2016-02-17,26.2319305555556,2,974.6669533,0.921694127,0.491861957937616,0.453346277925822,0.00749599460165951,0.0057913093813485,0.00570364428085247,0.000543892823103506,0.000207063011331168,0.000794371445987633
3,2016-02-20,26.5434930555556,1,1111.740157,0.921450086,0.316209726165534,0.291371479369268,0.00749599460165951,0.0057913093813485,0.00570364428085247,0.000543892823103506,0.000207063011331168,0.000794371445987633
3,2016-02-24,26.6562847222222,3,1286.155182,0.921136527,0.722649646742083,0.665658985837779,0.00749599460165951,0.0057913093813485,0.00570364428085247,0.000543892823103506,0.000207063011331168,0.000794371445987633
3,2016-02-25,26.5376041666667,3,1327.478175,0.921061646,0.739234266216796,0.680880330021244,0.00749599460165951,0.0057913093813485,0.00570364428085247,0.000543892823103506,0.000207063011331168,0.000794371445987633
3,2016-02-18,26.3504236111111,2,1020.717449,0.921612354,0.54876182177168,0.505745674348327,0.00749599460165951,0.0057913093813485,0.00570364428085247,0.000543892823103506,0.000207063011331168,0.000794371445987633
4,2016-01-22,28.1574861111111,1,104.9195966,0.921930806,0.0120138568578197,0.0110759447360983,0.00919021913498781,0.00727174403733479,0.00840110873858652,0.000713365252184189,0.000552961130317114,0.00144262570786566
4,2016-01-13,28.576625,3,53.01653257,0.922002431,0.0331298995635764,0.0305458479364033,0.00919021913498781,0.00727174403733479,0.00840110873858652,0.000713365252184189,0.000552961130317114,0.00144262570786566
4,2016-01-14,29.2541388888889,2,56.25807563,0.921997362,0.0250534561909669,0.023099220517054,0.00919021913498781,0.00727174403733479,0.00840110873858652,0.000713365252184189,0.000552961130317114,0.00144262570786566
4,2016-01-18,28.9582013888889,3,73.07495308,0.921973481,0.0474224627704778,0.0437222530780903,0.00919021913498781,0.00727174403733479,0.00840110873858652,0.000713365252184189,0.000552961130317114,0.00144262570786566
4,2016-01-23,29.4372777777778,2,117.0925949,0.921914499,0.0513609475995661,0.0473504022744193,0.00919021913498781,0.00727174403733479,0.00840110873858652,0.000713365252184189,0.000552961130317114,0.00144262570786566
4,2016-01-19,29.1405069444444,3,79.05703383,0.921965339,0.0512587297510661,0.0472587721516511,0.00919021913498781,0.00727174403733479,0.00840110873858652,0.000713365252184189,0.000552961130317114,0.00144262570786566
4,2016-01-17,27.7349861111111,2,67.97470729,0.921980501,0.0342282410409777,0.0315577708233094,0.00919021913498781,0.00727174403733479,0.00840110873858652,0.000713365252184189,0.000552961130317114,0.00144262570786566
4,2016-01-15,28.2307638888889,2,59.72547889,0.921992187,0.0214483015520493,0.0197751664554094,0.00919021913498781,0.00727174403733479,0.00840110873858652,0.000713365252184189,0.000552961130317114,0.00144262570786566
4,2016-02-06,29.3018611111111,2,583.6888933,0.921229386,0.201948535410954,0.186040925280232,0.00919021913498781,0.00727174403733479,0.00840110873858652,0.000713365252184189,0.000552961130317114,0.00144262570786566
4,2016-01-26,29.4254652777778,2,168.1041783,0.921845066,0.0702427262028824,0.0647529105725161,0.00919021913498781,0.00727174403733479,0.00840110873858652,0.000713365252184189,0.000552961130317114,0.00144262570786566
4,2016-01-24,29.0307986111111,1,131.4983505,0.921895065,0.0266522047587069,0.0245705360384214,0.00919021913498781,0.00727174403733479,0.00840110873858652,0.000713365252184189,0.000552961130317114,0.00144262570786566
4,2016-01-11,28.9610902777778,3,46.57418579,0.922013266,0.0312933210562857,0.0288528571510926,0.00919021913498781,0.00727174403733479,0.00840110873858652,0.000713365252184189,0.000552961130317114,0.00144262570786566
4,2016-01-09,28.28775,1,39.12475599,0.922026725,0.010780517497955,0.00993992524244461,0.00919021913498781,0.00727174403733479,0.00840110873858652,0.000713365252184189,0.000552961130317114,0.00144262570786566
4,2016-01-16,28.1858194444444,2,63.57795267,0.921986651,0.0247050958892631,0.0227777686215755,0.00919021913498781,0.00727174403733479,0.00840110873858652,0.000713365252184189,0.000552961130317114,0.00144262570786566
4,2016-02-07,29.4537569444444,2,634.7268728,0.92115015,0.293603976719089,0.270453347195386,0.00919021913498781,0.00727174403733479,0.00840110873858652,0.000713365252184189,0.000552961130317114,0.00144262570786566
4,2016-01-27,29.2048472222222,1,190.8522728,0.921813626,0.0383758148241152,0.0353753490137222,0.00919021913498781,0.00727174403733479,0.00840110873858652,0.000713365252184189,0.000552961130317114,0.00144262570786566
4,2016-01-25,29.0868611111111,1,148.4108746,0.921872067,0.0253662805888645,0.0233844655185585,0.00919021913498781,0.00727174403733479,0.00840110873858652,0.000713365252184189,0.000552961130317114,0.00144262570786566
4,2016-01-12,28.4096597222222,2,49.8416394,0.922007647,0.0212739405525282,0.0196147358712544,0.00919021913498781,0.00727174403733479,0.00840110873858652,0.000713365252184189,0.000552961130317114,0.00144262570786566
4,2016-01-10,28.7130277777778,2,43.05496142,0.92201954,0.0228752961114014,0.0210914699979982,0.00919021913498781,0.00727174403733479,0.00840110873858652,0.000713365252184189,0.000552961130317114,0.00144262570786566
4,2016-01-08,26.8655277777778,2,34.62435915,0.922035074,0.0162586610981424,0.0149910557887667,0.00919021913498781,0.00727174403733479,0.00840110873858652,0.000713365252184189,0.000552961130317114,0.00144262570786566
4,2016-02-08,29.6661597222222,3,686.9275075,0.921068668,0.409311573115261,0.377004065446258,0.00919021913498781,0.00727174403733479,0.00840110873858652,0.000713365252184189,0.000552961130317114,0.00144262570786566
4,2016-01-28,29.5705486111111,2,216.9291693,0.921777309,0.117830202892505,0.108613207341177,0.00919021913498781,0.00727174403733479,0.00840110873858652,0.000713365252184189,0.000552961130317114,0.00144262570786566
4,2016-02-26,29.2495972222222,1,1632.144188,0.919547812,0.3603899977556,0.331395833902847,0.00919021913498781,0.00727174403733479,0.00840110873858652,0.000713365252184189,0.000552961130317114,0.00144262570786566
4,2016-02-04,29.1642708333333,1,486.0769633,0.921379562,0.110024833876664,0.101374633246403,0.00919021913498781,0.00727174403733479,0.00840110873858652,0.000713365252184189,0.000552961130317114,0.00144262570786566
4,2016-02-13,29.6267013888889,2,958.6511422,0.920639721,0.483074687661096,0.444737745670473,0.00919021913498781,0.00727174403733479,0.00840110873858652,0.000713365252184189,0.000552961130317114,0.00144262570786566
4,2016-02-11,29.1926180555556,2,848.4585612,0.920814459,0.375257930761813,0.345542928499898,0.00919021913498781,0.00727174403733479,0.00840110873858652,0.000713365252184189,0.000552961130317114,0.00144262570786566
4,2016-02-09,29.4889513888889,2,740.0613511,0.920985331,0.309350386268873,0.284907167892816,0.00919021913498781,0.00727174403733479,0.00840110873858652,0.000713365252184189,0.000552961130317114,0.00144262570786566
4,2016-01-29,29.4068611111111,2,246.5225411,0.921735677,0.0937538831872762,0.0864162989910029,0.00919021913498781,0.00727174403733479,0.00840110873858652,0.000713365252184189,0.000552961130317114,0.00144262570786566
4,2016-02-27,29.3249375,2,1675.035128,0.919476303,0.538601578679507,0.495231388354197,0.00919021913498781,0.00727174403733479,0.00840110873858652,0.000713365252184189,0.000552961130317114,0.00144262570786566
4,2016-02-05,29.2006041666667,2,534.0575849,0.921305986,0.18043962993995,0.166240111175301,0.00919021913498781,0.00727174403733479,0.00840110873858652,0.000713365252184189,0.000552961130317114,0.00144262570786566
4,2016-02-14,29.5669097222222,2,1014.0292,0.920551527,0.445041480833784,0.409683614759881,0.00919021913498781,0.00727174403733479,0.00840110873858652,0.000713365252184189,0.000552961130317114,0.00144262570786566
4,2016-02-12,29.4358194444444,2,903.4087298,0.920727448,0.463341795415215,0.426611508844389,0.00919021913498781,0.00727174403733479,0.00840110873858652,0.000713365252184189,0.000552961130317114,0.00144262570786566
4,2016-02-10,29.666,3,793.9572354,0.920900503,0.459276193527185,0.42294767763511,0.00919021913498781,0.00727174403733479,0.00840110873858652,0.000713365252184189,0.000552961130317114,0.00144262570786566
4,2016-01-30,29.3797222222222,2,279.4747102,0.921688432,0.127424797799114,0.117445962081383,0.00919021913498781,0.00727174403733479,0.00840110873858652,0.000713365252184189,0.000552961130317114,0.00144262570786566
4,2016-02-28,29.5571666666667,3,1715.869329,0.919407829,0.811650284655645,0.746237626122478,0.00919021913498781,0.00727174403733479,0.00840110873858652,0.000713365252184189,0.000552961130317114,0.00144262570786566
4,2016-02-17,29.4468888888889,2,1179.411252,0.920286646,0.506818323316357,0.466418134896153,0.00919021913498781,0.00727174403733479,0.00840110873858652,0.000713365252184189,0.000552961130317114,0.00144262570786566
4,2016-02-15,29.4658888888889,3,1069.386303,0.920463117,0.513604611523904,0.472754101628866,0.00919021913498781,0.00727174403733479,0.00840110873858652,0.000713365252184189,0.000552961130317114,0.00144262570786566
4,2016-02-24,29.5591111111111,3,1540.818483,0.919698929,0.740366259634476,0.680914056053564,0.00919021913498781,0.00727174403733479,0.00840110873858652,0.000713365252184189,0.000552961130317114,0.00144262570786566
4,2016-02-02,29.5838958333333,3,396.0438437,0.92151608,0.25200288046509,0.232224706554899,0.00919021913498781,0.00727174403733479,0.00840110873858652,0.000713365252184189,0.000552961130317114,0.00144262570786566
4,2016-01-31,29.5098611111111,3,315.5416609,0.921635824,0.176343909042886,0.162524863918121,0.00919021913498781,0.00727174403733479,0.00840110873858652,0.000713365252184189,0.000552961130317114,0.00144262570786566
4,2016-02-29,29.4715555555556,2,1754.490191,0.919342637,0.672929090298004,0.618652404388578,0.00919021913498781,0.00727174403733479,0.00840110873858652,0.000713365252184189,0.000552961130317114,0.00144262570786566
4,2016-02-18,29.4067361111111,2,1233.7659,0.920199086,0.564476159080862,0.519430445655,0.00919021913498781,0.00727174403733479,0.00840110873858652,0.000713365252184189,0.000552961130317114,0.00144262570786566
4,2016-02-16,29.5221388888889,2,1124.565853,0.92037474,0.912380607552478,0.839732064457154,0.00919021913498781,0.00727174403733479,0.00840110873858652,0.000713365252184189,0.000552961130317114,0.00144262570786566
4,2016-02-25,29.6301805555556,3,1587.353106,0.919622104,0.753353577411693,0.692800601915268,0.00919021913498781,0.00727174403733479,0.00840110873858652,0.000713365252184189,0.000552961130317114,0.00144262570786566
4,2016-02-03,29.5843125,2,439.9910443,0.921449723,0.472310852288978,0.435210704011572,0.00919021913498781,0.00727174403733479,0.00840110873858652,0.000713365252184189,0.000552961130317114,0.00144262570786566
4,2016-02-01,29.2457361111111,2,354.4793773,0.921578244,0.119176543134136,0.109830509347547,0.00919021913498781,0.00727174403733479,0.00840110873858652,0.000713365252184189,0.000552961130317114,0.00144262570786566
4,2016-03-01,29.4036180555556,2,1790.741115,0.91928098,0.699053730063609,0.64262679804553,0.00919021913498781,0.00727174403733479,0.00840110873858652,0.000713365252184189,0.000552961130317114,0.00144262570786566
4,2016-02-19,29.5860208333333,2,1287.473198,0.92011231,0.609944029441133,0.561217009899789,0.00919021913498781,0.00727174403733479,0.00840110873858652,0.000713365252184189,0.000552961130317114,0.00144262570786566
4,2016-02-22,29.5225972222222,2,1443.145006,0.919859181,0.676714777181169,0.622482300708468,0.00919021913498781,0.00727174403733479,0.00840110873858652,0.000713365252184189,0.000552961130317114,0.00144262570786566
4,2016-02-20,29.2194236111111,1,1340.376548,0.920026567,0.329881589879928,0.303499826653732,0.00919021913498781,0.00727174403733479,0.00840110873858652,0.000713365252184189,0.000552961130317114,0.00144262570786566
4,2016-02-23,29.5189166666667,3,1492.696917,0.919778038,0.7164223979834,0.658949587596427,0.00919021913498781,0.00727174403733479,0.00840110873858652,0.000713365252184189,0.000552961130317114,0.00144262570786566
4,2016-02-21,29.3786736111111,2,1392.31935,0.919942107,0.473798509290486,0.435867198930149,0.00919021913498781,0.00727174403733479,0.00840110873858652,0.000713365252184189,0.000552961130317114,0.00144262570786566
5,2016-01-08,32.4908888888889,2,21.58270051,0.893211879,0.00727428125440274,0.00649747442761955,0.012115190004049,0.00966521804317141,0.00788155513478128,0.000747124173381123,0.000526013229868872,0.000308186301367667
5,2016-01-17,30.7630902777778,2,62.39625012,0.893127212,0.0227561111546449,0.0203241021115101,0.012115190004049,0.00966521804317141,0.00788155513478128,0.000747124173381123,0.000526013229868872,0.000308186301367667
5,2016-01-15,33.0728194444444,2,48.14606319,0.893157747,0.0110796545755298,0.00989587931821846,0.012115190004049,0.00966521804317141,0.00788155513478128,0.000747124173381123,0.000526013229868872,0.000308186301367667
5,2016-01-13,32.690625,3,37.20483591,0.893180735,0.0177913439268765,0.0158908856452453,0.012115190004049,0.00966521804317141,0.00788155513478128,0.000747124173381123,0.000526013229868872,0.000308186301367667
5,2016-01-16,31.7165694444444,2,54.83138655,0.893143486,0.015283056245203,0.0136499621315746,0.012115190004049,0.00966521804317141,0.00788155513478128,0.000747124173381123,0.000526013229868872,0.000308186301367667
5,2016-01-14,32.6948055555556,2,42.28797974,0.893170121,0.0150909785148647,0.0134788111061301,0.012115190004049,0.00966521804317141,0.00788155513478128,0.000747124173381123,0.000526013229868872,0.000308186301367667
5,2016-01-09,32.3111111111111,1,23.57565075,0.89320815,0.00400742519473752,0.00357946484445489,0.012115190004049,0.00966521804317141,0.00788155513478128,0.000747124173381123,0.000526013229868872,0.000308186301367667
5,2016-01-18,31.611375,3,70.89295421,0.893108797,0.0350462727123683,0.0313001344614772,0.012115190004049,0.00966521804317141,0.00788155513478128,0.000747124173381123,0.000526013229868872,0.000308186301367667
5,2016-01-10,32.4037013888889,2,26.08203911,0.893203298,0.0104850900625846,0.00936531702372755,0.012115190004049,0.00966521804317141,0.00788155513478128,0.000747124173381123,0.000526013229868872,0.000308186301367667
5,2016-01-19,32.3399027777778,3,80.37957974,0.893088113,0.0380934750969745,0.0340208297919694,0.012115190004049,0.00966521804317141,0.00788155513478128,0.000747124173381123,0.000526013229868872,0.000308186301367667
5,2016-01-30,32.8975833333333,2,274.3545358,0.892655802,0.0917543194790735,0.0819050256415566,0.012115190004049,0.00966521804317141,0.00788155513478128,0.000747124173381123,0.000526013229868872,0.000308186301367667
5,2016-01-28,33.0696180555556,2,224.3979256,0.892768618,0.0910819133720076,0.0813150739259229,0.012115190004049,0.00966521804317141,0.00788155513478128,0.000747124173381123,0.000526013229868872,0.000308186301367667
5,2016-02-06,32.6928888888889,2,499.573194,0.892133219,0.117840959263864,0.105129834318119,0.012115190004049,0.00966521804317141,0.00788155513478128,0.000747124173381123,0.000526013229868872,0.000308186301367667
5,2016-02-04,32.5375347222222,1,428.040787,0.892300863,0.0576666810306729,0.0514560292500152,0.012115190004049,0.00966521804317141,0.00788155513478128,0.000747124173381123,0.000526013229868872,0.000308186301367667
5,2016-01-11,32.8133819444444,3,29.15416589,0.893197197,0.0153931974504909,0.013749160815646,0.012115190004049,0.00966521804317141,0.00788155513478128,0.000747124173381123,0.000526013229868872,0.000308186301367667
5,2016-01-22,32.4898541666667,1,115.6141424,0.893010799,0.00486706551423819,0.00434634206365519,0.012115190004049,0.00966521804317141,0.00788155513478128,0.000747124173381123,0.000526013229868872,0.000308186301367667
5,2016-01-31,32.905125,3,301.9400064,0.892592825,0.130790066297565,0.116742274758481,0.012115190004049,0.00966521804317141,0.00788155513478128,0.000747124173381123,0.000526013229868872,0.000308186301367667
5,2016-01-29,32.7763333333333,2,248.4840012,0.892714435,0.0655727368829231,0.0585377287578424,0.012115190004049,0.00966521804317141,0.00788155513478128,0.000747124173381123,0.000526013229868872,0.000308186301367667
5,2016-02-07,32.9769027777778,2,537.2165709,0.892044573,0.183692093010107,0.163861534672677,0.012115190004049,0.00966521804317141,0.00788155513478128,0.000747124173381123,0.000526013229868872,0.000308186301367667
5,2016-02-05,32.8045208333333,2,463.1580917,0.892218705,0.101172776355265,0.090268243500949,0.012115190004049,0.00966521804317141,0.00788155513478128,0.000747124173381123,0.000526013229868872,0.000308186301367667
5,2016-01-12,32.5557291666667,2,32.84433139,0.893189718,0.00930891617214212,0.00831462821068126,0.012115190004049,0.00966521804317141,0.00788155513478128,0.000747124173381123,0.000526013229868872,0.000308186301367667
5,2016-01-23,32.6406111111111,2,129.9071723,0.892979248,0.0417740084213631,0.0373033226260545,0.012115190004049,0.00966521804317141,0.00788155513478128,0.000747124173381123,0.000526013229868872,0.000308186301367667
5,2016-02-01,32.5694375,2,331.1708898,0.892525673,0.0776825972478663,0.0693337123890398,0.012115190004049,0.00966521804317141,0.00788155513478128,0.000747124173381123,0.000526013229868872,0.000308186301367667
5,2016-02-10,32.9523125,3,656.8563335,0.891761363,0.304617480789582,0.271646099862544,0.012115190004049,0.00966521804317141,0.00788155513478128,0.000747124173381123,0.000526013229868872,0.000308186301367667
5,2016-02-08,33.0272222222222,3,576.0186995,0.891952938,0.272086038225974,0.242687941184438,0.012115190004049,0.00966521804317141,0.00788155513478128,0.000747124173381123,0.000526013229868872,0.000308186301367667
5,2016-02-17,32.7817847222222,2,969.1192585,0.891016105,0.324078226460823,0.28875891905643,0.012115190004049,0.00966521804317141,0.00788155513478128,0.000747124173381123,0.000526013229868872,0.000308186301367667
5,2016-01-26,32.8920972222222,2,181.6485671,0.892864292,0.0539060166968742,0.0481307574325948,0.012115190004049,0.00966521804317141,0.00788155513478128,0.000747124173381123,0.000526013229868872,0.000308186301367667
5,2016-01-24,32.5287083333333,1,145.6192637,0.892944455,0.0173193708186135,0.0154652361365698,0.012115190004049,0.00966521804317141,0.00788155513478128,0.000747124173381123,0.000526013229868872,0.000308186301367667
5,2016-02-02,32.9841736111111,3,361.9776631,0.892454516,0.183731760147284,0.163972239076072,0.012115190004049,0.00966521804317141,0.00788155513478128,0.000747124173381123,0.000526013229868872,0.000308186301367667
5,2016-02-11,32.6035694444444,2,698.8012121,0.891661697,0.234278021533645,0.208896738250492,0.012115190004049,0.00966521804317141,0.00788155513478128,0.000747124173381123,0.000526013229868872,0.000308186301367667
5,2016-02-09,32.5973194444444,2,615.9144585,0.891858481,0.190292028754999,0.169713559711841,0.012115190004049,0.00966521804317141,0.00788155513478128,0.000747124173381123,0.000526013229868872,0.000308186301367667
5,2016-02-18,32.8352222222222,2,1016.878012,0.890901553,0.366240706163891,0.326284413893227,0.012115190004049,0.00966521804317141,0.00788155513478128,0.000747124173381123,0.000526013229868872,0.000308186301367667
5,2016-01-27,32.6007847222222,1,202.1397474,0.8928185,0.0223036331143503,0.0199130962617046,0.012115190004049,0.00966521804317141,0.00788155513478128,0.000747124173381123,0.000526013229868872,0.000308186301367667
5,2016-01-25,32.4875138888889,1,162.8374006,0.892906206,0.0150403941178194,0.0134296612484869,0.012115190004049,0.00966521804317141,0.00788155513478128,0.000747124173381123,0.000526013229868872,0.000308186301367667
5,2016-02-03,33.0508333333333,2,394.2908032,0.892379523,0.316954591149258,0.282843786862435,0.012115190004049,0.00966521804317141,0.00788155513478128,0.000747124173381123,0.000526013229868872,0.000308186301367667
5,2016-02-12,32.7367152777778,2,741.7059818,0.891559591,0.298558414834163,0.266182618219155,0.012115190004049,0.00966521804317141,0.00788155513478128,0.000747124173381123,0.000526013229868872,0.000308186301367667
5,2016-02-21,32.5662083333333,2,1163.930444,0.890548073,0.298723292850491,0.266027452808219,0.012115190004049,0.00966521804317141,0.00788155513478128,0.000747124173381123,0.000526013229868872,0.000308186301367667
5,2016-02-19,32.9271875,2,1065.294869,0.890785293,0.402530436785012,0.358568193072955,0.012115190004049,0.00966521804317141,0.00788155513478128,0.000747124173381123,0.000526013229868872,0.000308186301367667
5,2016-02-28,32.9445625,3,1523.547677,0.88967946,0.577218032380374,0.513539027350433,0.012115190004049,0.00966521804317141,0.00788155513478128,0.000747124173381123,0.000526013229868872,0.000308186301367667
5,2016-02-26,32.4735416666667,1,1419.018316,0.889932497,0.202957611985872,0.180618574419744,0.012115190004049,0.00966521804317141,0.00788155513478128,0.000747124173381123,0.000526013229868872,0.000308186301367667
5,2016-02-24,32.9384652777778,3,1315.741769,0.890182064,0.511766794960583,0.455565621824676,0.012115190004049,0.00966521804317141,0.00788155513478128,0.000747124173381123,0.000526013229868872,0.000308186301367667
5,2016-02-13,32.9058611111111,2,785.52753,0.891455147,0.312037618144114,0.278167540752191,0.012115190004049,0.00966521804317141,0.00788155513478128,0.000747124173381123,0.000526013229868872,0.000308186301367667
5,2016-02-22,32.8696319444444,2,1214.062936,0.890427322,0.455004143691228,0.405148121165883,0.012115190004049,0.00966521804317141,0.00788155513478128,0.000747124173381123,0.000526013229868872,0.000308186301367667
5,2016-02-20,32.4280277777778,1,1114.326717,0.890667432,0.180441648217386,0.160713499443627,0.012115190004049,0.00966521804317141,0.00788155513478128,0.000747124173381123,0.000526013229868872,0.000308186301367667
5,2016-02-29,32.7696527777778,2,1576.174382,0.889551903,0.451566206076496,0.401691577945837,0.012115190004049,0.00966521804317141,0.00788155513478128,0.000747124173381123,0.000526013229868872,0.000308186301367667
5,2016-02-27,32.6081944444444,2,1471.147951,0.889806359,0.340972900958551,0.303399855519596,0.012115190004049,0.00966521804317141,0.00788155513478128,0.000747124173381123,0.000526013229868872,0.000308186301367667
5,2016-02-25,32.4834027777778,3,1367.201885,0.890057766,0.551315038690036,0.490702231698657,0.012115190004049,0.00966521804317141,0.00788155513478128,0.000747124173381123,0.000526013229868872,0.000308186301367667
5,2016-02-14,32.8516111111111,2,830.2227443,0.891348472,0.285249745318159,0.254256924627731,0.012115190004049,0.00966521804317141,0.00788155513478128,0.000747124173381123,0.000526013229868872,0.000308186301367667
5,2016-02-23,32.902625,3,1264.681082,0.890305284,0.4881877500916,0.434636133490623,0.012115190004049,0.00966521804317141,0.00788155513478128,0.000747124173381123,0.000526013229868872,0.000308186301367667
5,2016-02-15,32.7883402777778,3,875.7485122,0.89123967,0.338668614607695,0.301834904322319,0.012115190004049,0.00966521804317141,0.00788155513478128,0.000747124173381123,0.000526013229868872,0.000308186301367667
5,2016-03-01,32.7753194444444,2,1628.984952,0.889423793,0.491292544757454,0.436967278630797,0.012115190004049,0.00966521804317141,0.00788155513478128,0.000747124173381123,0.000526013229868872,0.000308186301367667
5,2016-02-16,32.7348472222222,2,922.0617211,0.891128846,0.603691601093393,0.537966999822248,0.012115190004049,0.00966521804317141,0.00788155513478128,0.000747124173381123,0.000526013229868872,0.000308186301367667
6,2016-01-13,35.8201944444444,3,36.53058448,0.889046585,0.011872244778163,0.0105549786763099,0.0137655650191475,0.0121111471680247,0.0084706130897318,0.00074357497378104,0.00104539047596826,0.00051483844981682
6,2016-01-08,35.5111666666667,2,21.67728034,0.889073594,0.00468638827636965,0.00416654406775143,0.0137655650191475,0.0121111471680247,0.0084706130897318,0.00074357497378104,0.00104539047596826,0.00051483844981682
6,2016-01-11,36.0032569444444,3,27.94999673,0.889064424,0.010049099347431,0.00893429672304254,0.0137655650191475,0.0121111471680247,0.0084706130897318,0.00074357497378104,0.00104539047596826,0.00051483844981682
6,2016-01-15,35.2556805555556,2,48.42745487,0.889019894,0.00725428914692123,0.00644920736844126,0.0137655650191475,0.0121111471680247,0.0084706130897318,0.00074357497378104,0.00104539047596826,0.00051483844981682
6,2016-01-18,35.6824097222222,3,72.11065508,0.888964245,0.0255764844672543,0.022736580204187,0.0137655650191475,0.0121111471680247,0.0084706130897318,0.00074357497378104,0.00104539047596826,0.00051483844981682
6,2016-01-16,35.2488541666667,2,55.565191,0.889003369,0.00927340488218849,0.00824408818236661,0.0137655650191475,0.0121111471680247,0.0084706130897318,0.00074357497378104,0.00104539047596826,0.00051483844981682
6,2016-01-14,35.8546041666667,2,42.07534535,0.889034318,0.00977505936261479,0.00869036323385176,0.0137655650191475,0.0121111471680247,0.0084706130897318,0.00074357497378104,0.00104539047596826,0.00051483844981682
6,2016-01-09,35.4823958333333,1,22.85946775,0.889072958,0.00179184644041455,0.00159308221506113,0.0137655650191475,0.0121111471680247,0.0084706130897318,0.00074357497378104,0.00104539047596826,0.00051483844981682
6,2016-01-12,35.6469861111111,2,31.81489427,0.88905664,0.00537265600921557,0.00477659549942901,0.0137655650191475,0.0121111471680247,0.0084706130897318,0.00074357497378104,0.00104539047596826,0.00051483844981682
6,2016-01-10,35.6582291666667,2,24.95761389,0.889069882,0.00662176521488378,0.00588721201822842,0.0137655650191475,0.0121111471680247,0.0084706130897318,0.00074357497378104,0.00104539047596826,0.00051483844981682
6,2016-01-19,35.7947013888889,3,81.47440375,0.888941759,0.0291973518882021,0.0259547453456404,0.0137655650191475,0.0121111471680247,0.0084706130897318,0.00074357497378104,0.00104539047596826,0.00051483844981682
6,2016-01-17,35.4963680555556,2,63.46683175,0.888984801,0.0151621460118082,0.0134789173550402,0.0137655650191475,0.0121111471680247,0.0084706130897318,0.00074357497378104,0.00104539047596826,0.00051483844981682
6,2016-01-28,35.6966319444444,2,194.0548427,0.888662839,0.0535565240917723,0.0475936927463663,0.0137655650191475,0.0121111471680247,0.0084706130897318,0.00074357497378104,0.00104539047596826,0.00051483844981682
6,2016-02-06,36.1998888888889,2,346.5571727,0.888276174,0.0426722694049149,0.0379047602028951,0.0137655650191475,0.0121111471680247,0.0084706130897318,0.00074357497378104,0.00104539047596826,0.00051483844981682
6,2016-02-04,35.9225347222222,1,309.7597232,0.888369856,0.015174521705291,0.0134805876621983,0.0137655650191475,0.0121111471680247,0.0084706130897318,0.00074357497378104,0.00104539047596826,0.00051483844981682
6,2016-01-24,35.1347986111111,1,138.2273837,0.888802519,0.00687360465985179,0.00610927713628641,0.0137655650191475,0.0121111471680247,0.0084706130897318,0.00074357497378104,0.00104539047596826,0.00051483844981682
6,2016-01-22,35.0423888888889,1,113.6390783,0.888863319,-0.00130996736016731,-0.00116438193553998,0.0137655650191475,0.0121111471680247,0.0084706130897318,0.00074357497378104,0.00104539047596826,0.00051483844981682
6,2016-01-31,35.5714583333333,3,241.0247356,0.888544252,0.0716164612558774,0.0636343949974906,0.0137655650191475,0.0121111471680247,0.0084706130897318,0.00074357497378104,0.00104539047596826,0.00051483844981682
6,2016-01-29,35.3676111111111,2,209.2542707,0.88862453,0.0345771078448674,0.0307260662074046,0.0137655650191475,0.0121111471680247,0.0084706130897318,0.00074357497378104,0.00104539047596826,0.00051483844981682
6,2016-02-07,36.4629513888889,2,365.5268392,0.888227807,0.0749403800041673,0.0665641293868482,0.0137655650191475,0.0121111471680247,0.0084706130897318,0.00074357497378104,0.00104539047596826,0.00051483844981682
6,2016-02-05,36.3996736111111,2,327.9646534,0.888323533,0.0332705437173908,0.0295550069398636,0.0137655650191475,0.0121111471680247,0.0084706130897318,0.00074357497378104,0.00104539047596826,0.00051483844981682
6,2016-01-25,35.1025763888889,1,151.3902927,0.888769761,0.00404410425212422,0.00359427756961953,0.0137655650191475,0.0121111471680247,0.0084706130897318,0.00074357497378104,0.00104539047596826,0.00051483844981682
6,2016-01-23,35.3226666666667,2,125.6353345,0.888833726,0.0262335298918266,0.0233172461198846,0.0137655650191475,0.0121111471680247,0.0084706130897318,0.00074357497378104,0.00104539047596826,0.00051483844981682
6,2016-02-01,35.1734583333333,2,257.5748884,0.888502342,0.0359317450021182,0.0319254395865289,0.0137655650191475,0.0121111471680247,0.0084706130897318,0.00074357497378104,0.00104539047596826,0.00051483844981682
6,2016-01-30,35.5721666666667,2,224.9143823,0.88858499,0.0491419128537085,0.0436667661416934,0.0137655650191475,0.0121111471680247,0.0084706130897318,0.00074357497378104,0.00104539047596826,0.00051483844981682
6,2016-02-08,36.7406458333333,3,384.8632108,0.888178459,0.110566268026335,0.0982025775530114,0.0137655650191475,0.0121111471680247,0.0084706130897318,0.00074357497378104,0.00104539047596826,0.00051483844981682
6,2016-02-17,35.9993680555556,2,573.3722214,0.8876952,0.120738122031151,0.107178651384067,0.0137655650191475,0.0121111471680247,0.0084706130897318,0.00074357497378104,0.00104539047596826,0.00051483844981682
6,2016-01-26,35.4468333333333,2,165.0991278,0.888735519,0.031318648493733,0.0278339953234564,0.0137655650191475,0.0121111471680247,0.0084706130897318,0.00074357497378104,0.00104539047596826,0.00051483844981682
6,2016-02-24,36.5316111111111,3,733.9269051,0.887281201,0.165862657984299,0.147166818377361,0.0137655650191475,0.0121111471680247,0.0084706130897318,0.00074357497378104,0.00104539047596826,0.00051483844981682
6,2016-02-02,35.8878680555556,3,274.5543986,0.888459288,0.0966906934857525,0.0859057446905779,0.0137655650191475,0.0121111471680247,0.0084706130897318,0.00074357497378104,0.00104539047596826,0.00051483844981682
6,2016-02-11,36.3313194444444,2,444.9571305,0.888024808,0.0899686721003554,0.079894412767933,0.0137655650191475,0.0121111471680247,0.0084706130897318,0.00074357497378104,0.00104539047596826,0.00051483844981682
6,2016-02-09,36.2566736111111,2,404.5554377,0.888128157,0.0718398297964889,0.0638029756363494,0.0137655650191475,0.0121111471680247,0.0084706130897318,0.00074357497378104,0.00104539047596826,0.00051483844981682
6,2016-02-18,36.0093402777778,2,595.690878,0.887637765,0.134607151448578,0.119482391064832,0.0137655650191475,0.0121111471680247,0.0084706130897318,0.00074357497378104,0.00104539047596826,0.00051483844981682
6,2016-01-27,35.0016736111111,1,179.3289556,0.888699857,0.00875776462653194,0.00778302417123859,0.0137655650191475,0.0121111471680247,0.0084706130897318,0.00074357497378104,0.00104539047596826,0.00051483844981682
6,2016-02-25,36.1679027777778,3,757.5666409,0.887220094,0.168686462706465,0.149662019298957,0.0137655650191475,0.0121111471680247,0.0084706130897318,0.00074357497378104,0.00104539047596826,0.00051483844981682
6,2016-02-03,36.5152847222222,2,291.9528242,0.888415117,0.147592209373906,0.131123149959207,0.0137655650191475,0.0121111471680247,0.0084706130897318,0.00074357497378104,0.00104539047596826,0.00051483844981682
6,2016-02-12,36.5003333333333,2,465.6408214,0.887971827,0.112562820444512,0.0999526133223862,0.0137655650191475,0.0121111471680247,0.0084706130897318,0.00074357497378104,0.00104539047596826,0.00051483844981682
6,2016-02-10,36.6173263888889,3,424.5910401,0.888076929,0.121568275592776,0.107961980852258,0.0137655650191475,0.0121111471680247,0.0084706130897318,0.00074357497378104,0.00104539047596826,0.00051483844981682
6,2016-02-19,36.4103888888889,2,618.2369227,0.887579705,0.140894142528102,0.125054781461321,0.0137655650191475,0.0121111471680247,0.0084706130897318,0.00074357497378104,0.00104539047596826,0.00051483844981682
6,2016-02-28,34.2982986111111,3,829.2573522,0.887034566,0.214600891728086,0.190358408857236,0.0137655650191475,0.0121111471680247,0.0084706130897318,0.00074357497378104,0.00104539047596826,0.00051483844981682
6,2016-02-26,34.5394513888889,1,781.3435524,0.887158597,0.0608857956513649,0.0540153570472936,0.0137655650191475,0.0121111471680247,0.0084706130897318,0.00074357497378104,0.00104539047596826,0.00051483844981682
6,2016-02-15,36.4819722222222,3,529.4686223,0.887808062,0.120478479991121,0.106961765833623,0.0137655650191475,0.0121111471680247,0.0084706130897318,0.00074357497378104,0.00104539047596826,0.00051483844981682
6,2016-02-13,36.5720833333333,2,486.6292253,0.88791802,0.114693313347276,0.101838259694553,0.0137655650191475,0.0121111471680247,0.0084706130897318,0.00074357497378104,0.00104539047596826,0.00051483844981682
6,2016-02-22,36.3605347222222,2,687.1105103,0.887402109,0.1479122950822,0.131257682602974,0.0137655650191475,0.0121111471680247,0.0084706130897318,0.00074357497378104,0.00104539047596826,0.00051483844981682
6,2016-02-20,35.677125,1,640.997468,0.887521053,0.0471939387268156,0.0418856141940408,0.0137655650191475,0.0121111471680247,0.0084706130897318,0.00074357497378104,0.00104539047596826,0.00051483844981682
6,2016-02-29,34.2179861111111,2,853.3684657,0.886972099,0.16634097265803,0.147539801668194,0.0137655650191475,0.0121111471680247,0.0084706130897318,0.00074357497378104,0.00104539047596826,0.00051483844981682
6,2016-02-27,35.143875,2,805.244752,0.887096743,0.115671216844419,0.102611559721531,0.0137655650191475,0.0121111471680247,0.0084706130897318,0.00074357497378104,0.00104539047596826,0.00051483844981682
6,2016-02-16,36.2239444444444,2,551.2938403,0.887751977,0.205356510518051,0.182305648202221,0.0137655650191475,0.0121111471680247,0.0084706130897318,0.00074357497378104,0.00104539047596826,0.00051483844981682
6,2016-02-14,36.4317291666667,2,507.9094548,0.88786342,0.0974767992660454,0.0865460843670045,0.0137655650191475,0.0121111471680247,0.0084706130897318,0.00074357497378104,0.00104539047596826,0.00051483844981682
6,2016-02-23,36.2167222222222,3,710.4372324,0.887341884,0.165476676886888,0.146834386226871,0.0137655650191475,0.0121111471680247,0.0084706130897318,0.00074357497378104,0.00104539047596826,0.00051483844981682
6,2016-02-21,35.7829930555556,2,663.9596263,0.887461843,0.0963386939178062,0.0854969148565092,0.0137655650191475,0.0121111471680247,0.0084706130897318,0.00074357497378104,0.00104539047596826,0.00051483844981682
6,2016-03-01,34.3645833333333,2,877.5652048,0.886909376,0.166909006333512,0.148033162656036,0.0137655650191475,0.0121111471680247,0.0084706130897318,0.00074357497378104,0.00104539047596826,0.00051483844981682
1,2016-01-20,19.1724861111111,3,34.69737056,0.901659362,0.0224618206537311,0.0202529108800016,0.00827223871041028,0.00707850099788716,0.00738426306263253,0.000709967438183304,0.000640862043170639,0.000533724233000095
1,2016-01-21,19.1684027777778,3,36.53426453,0.901655543,0.0236364270426909,0.0213119154597574,0.00827223871041028,0.00707850099788716,0.00738426306263253,0.000709967438183304,0.000640862043170639,0.000533724233000095
2,2016-01-20,22.8340972222222,3,41.10349471,0.919699535,0.0361563218446106,0.0332529523877987,0.00826375823044074,0.00677834160144589,0.00783469763387811,0.000547904731311627,0.000445807121432127,0.000574968440989586
2,2016-01-21,22.8263888888889,3,42.74253937,0.919697132,0.0381278091521668,0.0350660367266911,0.00826375823044074,0.00677834160144589,0.00783469763387811,0.000547904731311627,0.000445807121432127,0.000574968440989586
3,2016-01-20,26.6620416666667,3,71.46111374,0.923216261,0.0507296855173446,0.0468344705850287,0.00749599460165951,0.0057913093813485,0.00570364428085247,0.000543892823103506,0.000207063011331168,0.000794371445987633
3,2016-01-21,27.3924930555556,3,76.09939243,0.923209215,0.053085460690087,0.0490089864916085,0.00749599460165951,0.0057913093813485,0.00570364428085247,0.000543892823103506,0.000207063011331168,0.000794371445987633
4,2016-01-20,28.9582013888889,3,73.07495308,0.921973481,0.0474224627704778,0.0437222530780903,0.00919021913498781,0.00727174403733479,0.00840110873858652,0.000713365252184189,0.000552961130317114,0.00144262570786566
4,2016-01-21,29.1405069444444,3,79.05703383,0.921965339,0.0512587297510661,0.0472587721516511,0.00919021913498781,0.00727174403733479,0.00840110873858652,0.000713365252184189,0.000552961130317114,0.00144262570786566
5,2016-01-20,31.611375,3,70.89295421,0.893108797,0.0350462727123683,0.0313001344614772,0.012115190004049,0.00966521804317141,0.00788155513478128,0.000747124173381123,0.000526013229868872,0.000308186301367667
5,2016-01-21,32.3399027777778,3,80.37957974,0.893088113,0.0380934750969745,0.0340208297919694,0.012115190004049,0.00966521804317141,0.00788155513478128,0.000747124173381123,0.000526013229868872,0.000308186301367667
6,2016-01-20,35.6824097222222,3,72.11065508,0.888964245,0.0255764844672543,0.022736580204187,0.0137655650191475,0.0121111471680247,0.0084706130897318,0.00074357497378104,0.00104539047596826,0.00051483844981682
6,2016-01-21,35.7947013888889,3,81.47440375,0.888941759,0.0291973518882021,0.0259547453456404,0.0137655650191475,0.0121111471680247,0.0084706130897318,0.00074357497378104,0.00104539047596826,0.00051483844981682
