"Room","Date","LA","GPP","R_leaf","R_root","R_stem","R_leaf_se","R_root_se","R_stem_se","Rm_leaf","Rm_stem","Rm_root"
1,2016-01-08,0.00272757418089654,0.0163046150784885,0.0381611526969339,0.0326542507901556,0.03406477981986,0.00327519269774799,0.00295639852079303,0.002462154764458,0.00223573188495608,0.0004865070029706,0.000872718897740435
1,2016-01-17,0.0032955083436342,0.0212280908452787,0.0381611526969339,0.0326542507901556,0.03406477981986,0.00327519269774799,0.00295639852079303,0.002462154764458,0.00411713215534658,0.000776933057352831,0.00186308134190311
1,2016-01-15,0.00302926841617315,0.0154378077255827,0.0381611526969339,0.0326542507901556,0.03406477981986,0.00327519269774799,0.00295639852079303,0.002462154764458,0.00372201689739365,0.000698439223346087,0.0016480040862623
1,2016-01-26,0.00581593262016681,0.0323609468613926,0.0381611526969339,0.0326542507901556,0.03406477981986,0.00327519269774799,0.00295639852079303,0.002462154764458,0.00624357494354204,0.00134800836911152,0.00313291887389
1,2016-01-24,0.0050924214883147,0.0193337819456414,0.0381611526969339,0.0326542507901556,0.03406477981986,0.00327519269774799,0.00295639852079303,0.002462154764458,0.00570818495036826,0.00119267402427797,0.00279134958940177
1,2016-01-11,0.00276348835993019,0.0204117191919719,0.0381611526969339,0.0326542507901556,0.03406477981986,0.00327519269774799,0.00295639852079303,0.002462154764458,0.00291938073187472,0.000573225362458201,0.00122492042303908
1,2016-01-09,0.00272842240984254,0.0129324764120805,0.0381611526969339,0.0326542507901556,0.03406477981986,0.00327519269774799,0.00295639852079303,0.002462154764458,0.00247588939669322,0.000516036741262602,0.000996050132316437
1,2016-01-18,0.00346973705561024,0.0254047419767541,0.0381611526969339,0.0326542507901556,0.03406477981986,0.00327519269774799,0.00295639852079303,0.002462154764458,0.00432100760916229,0.000822441705253191,0.00197606780016774
1,2016-01-16,0.00314942558509903,0.0174741189085658,0.0381611526969339,0.0326542507901556,0.03406477981986,0.00327519269774799,0.00295639852079303,0.002462154764458,0.00391821796866569,0.000735816992432014,0.00175416143483339
1,2016-01-27,0.00620465872901579,0.025720193173324,0.0381611526969339,0.0326542507901556,0.03406477981986,0.00327519269774799,0.00295639852079303,0.002462154764458,0.00652680385176876,0.00143064251701542,0.00332002834647704
1,2016-01-25,0.00544464835346975,0.0194129285816404,0.0381611526969339,0.0326542507901556,0.03406477981986,0.00327519269774799,0.00295639852079303,0.002462154764458,0.00597083878172299,0.00126861007936717,0.00295693230311147
1,2016-01-12,0.00280214680873506,0.0166994263744136,0.0381611526969339,0.0326542507901556,0.03406477981986,0.00327519269774799,0.00295639852079303,0.002462154764458,0.00312721085877101,0.000602192819651104,0.00133306746457825
1,2016-01-10,0.00273965368157655,0.017854208691049,0.0381611526969339,0.0326542507901556,0.03406477981986,0.00327519269774799,0.00295639852079303,0.002462154764458,0.00270302296175744,0.000544724765376915,0.00111301597651723
1,2016-01-19,0.00367369276432183,0.0269359897248153,0.0381611526969339,0.0326542507901556,0.03406477981986,0.00327519269774799,0.00295639852079303,0.002462154764458,0.00453178619254171,0.000872850446004374,0.00209432731099744
1,2016-01-30,0.00748241145759326,0.0427057749779622,0.0381611526969339,0.0326542507901556,0.03406477981986,0.00327519269774799,0.00295639852079303,0.002462154764458,0.00745460800482233,0.00170099488299394,0.00395880397878661
1,2016-01-28,0.00660921112062662,0.0428146044865856,0.0381611526969339,0.0326542507901556,0.03406477981986,0.00327519269774799,0.00295639852079303,0.002462154764458,0.00682093592234655,0.00151628614658332,0.00351897976561222
1,2016-02-06,0.0127988667527153,0.0683139989593794,0.0381611526969339,0.0326542507901556,0.03406477981986,0.00327519269774799,0.00295639852079303,0.002462154764458,0.0110340355277366,0.00286798266521954,0.00628177385745656
1,2016-01-13,0.00285784939182277,0.020295439230849,0.0381611526969339,0.0326542507901556,0.03406477981986,0.00327519269774799,0.00295639852079303,0.002462154764458,0.00332876149417228,0.000632281424100287,0.001438761093831
1,2016-02-13,0.0246933414800858,0.175642968077075,0.0381611526969339,0.0326542507901556,0.03406477981986,0.00327519269774799,0.00295639852079303,0.002462154764458,0.0185313354372233,0.00562802886190462,0.0103101182293884
1,2016-01-22,0.00445160220019085,0.0128831564165154,0.0381611526969339,0.0326542507901556,0.03406477981986,0.00327519269774799,0.00295639852079303,0.002462154764458,0.0052114826152783,0.00105209412404731,0.0024885195542302
1,2016-01-31,0.00797956183082099,0.0532505393183978,0.0381611526969339,0.0326542507901556,0.03406477981986,0.00327519269774799,0.00295639852079303,0.002462154764458,0.00781017193553594,0.00180689272696016,0.00420595397721882
1,2016-01-29,0.0070308591034867,0.0385256858453147,0.0381611526969339,0.0326542507901556,0.03406477981986,0.00327519269774799,0.00295639852079303,0.002462154764458,0.00712776367003044,0.00160537519860276,0.00373093209557284
1,2016-02-07,0.0140546254002829,0.0873601723102115,0.0381611526969339,0.0326542507901556,0.03406477981986,0.00327519269774799,0.00295639852079303,0.002462154764458,0.0118343208766839,0.00315075838790411,0.00675791039744646
1,2016-01-14,0.00293281647302493,0.0172440084112809,0.0381611526969339,0.0326542507901556,0.03406477981986,0.00327519269774799,0.00295639852079303,0.002462154764458,0.0035262807898045,0.000664145462950394,0.00154330530349359
1,2016-02-14,0.0267201561075358,0.175621222696004,0.0381611526969339,0.0326542507901556,0.03406477981986,0.00327519269774799,0.00295639852079303,0.002462154764458,0.0198573391951781,0.00612864278085746,0.0108949881952735
1,2016-01-23,0.00476086758409171,0.0287796738372051,0.0381611526969339,0.0326542507901556,0.03406477981986,0.00327519269774799,0.00295639852079303,0.002462154764458,0.00545520303353446,0.00112042658033949,0.00263545168802124
1,2016-02-01,0.00853800387104461,0.0423358584102693,0.0381611526969339,0.0326542507901556,0.03406477981986,0.00327519269774799,0.00295639852079303,0.002462154764458,0.00820315847098483,0.00192681625770476,0.00447574065283478
1,2016-02-10,0.0188450500447514,0.139764878360066,0.0381611526969339,0.0326542507901556,0.03406477981986,0.00327519269774799,0.00295639852079303,0.002462154764458,0.0148296816878183,0.00424308364091155,0.00845159457690408
1,2016-02-08,0.0154815312499692,0.114082789694875,0.0381611526969339,0.0326542507901556,0.03406477981986,0.00327519269774799,0.00295639852079303,0.002462154764458,0.0127329498920619,0.0034737924877903,0.00728019354837726
1,2016-02-17,0.0325541179314696,0.217985430639971,0.0381611526969339,0.0326542507901556,0.03406477981986,0.00327519269774799,0.00295639852079303,0.002462154764458,0.0239146727866512,0.00766815244020068,0.0123297909884175
1,2016-02-15,0.0287286825112228,0.201306080425462,0.0381611526969339,0.0326542507901556,0.03406477981986,0.00327519269774799,0.00295639852079303,0.002462154764458,0.0212059459682986,0.0066393074756235,0.0114368376127724
1,2016-02-04,0.0107380164724377,0.0461501469902307,0.0381611526969339,0.0326542507901556,0.03406477981986,0.00327519269774799,0.00295639852079303,0.002462154764458,0.00969368379387989,0.00240821624264198,0.00545450636243823
1,2016-02-02,0.00917343122613881,0.0652877963774662,0.0381611526969339,0.0326542507901556,0.03406477981986,0.00327519269774799,0.00295639852079303,0.002462154764458,0.00864227061998271,0.00206451300243104,0.00477152256759982
1,2016-02-11,0.0207216002697342,0.127159046391651,0.0381611526969339,0.0326542507901556,0.03406477981986,0.00327519269774799,0.00295639852079303,0.002462154764458,0.016003432740197,0.00467959010383307,0.00907300046665499
1,2016-02-09,0.0170869643118433,0.104427290753332,0.0381611526969339,0.0326542507901556,0.03406477981986,0.00327519269774799,0.00295639852079303,0.002462154764458,0.0137348294239911,0.00383926470619777,0.00784885195296192
1,2016-02-18,0.0343026505901107,0.240453254788002,0.0381611526969339,0.0326542507901556,0.03406477981986,0.00327519269774799,0.00295639852079303,0.002462154764458,0.0252466449451905,0.0081750143338146,0.0126500530394661
1,2016-02-16,0.0306847325121872,0.196192574808107,0.0381611526969339,0.0326542507901556,0.03406477981986,0.00327519269774799,0.00295639852079303,0.002462154764458,0.0225630818132385,0.00715436375810411,0.0119202455283367
1,2016-02-05,0.0116985616593918,0.0610824149827769,0.0381611526969339,0.0326542507901556,0.03406477981986,0.00327519269774799,0.00295639852079303,0.002462154764458,0.0103233908364065,0.00262171779253327,0.00584842536644226
1,2016-02-03,0.00990153754397828,0.0630611990361746,0.0381611526969339,0.0326542507901556,0.03406477981986,0.00327519269774799,0.00295639852079303,0.002462154764458,0.0091362113913432,0.00222373048834234,0.00509665828347921
1,2016-02-12,0.0226824268078321,0.160383847337005,0.0381611526969339,0.0326542507901556,0.03406477981986,0.00327519269774799,0.00295639852079303,0.002462154764458,0.0172420086377808,0.00514312490686363,0.00969764866866603
1,2016-02-21,0.0391749527468198,0.228353799921016,0.0381611526969339,0.0326542507901556,0.03406477981986,0.00327519269774799,0.00295639852079303,0.002462154764458,0.0292366339012636,0.00972066586761413,0.0132175515677756
1,2016-02-19,0.0359218349956039,0.258854049078862,0.0381611526969339,0.0326542507901556,0.03406477981986,0.00327519269774799,0.00295639852079303,0.002462154764458,0.0265542771159972,0.00867385389769314,0.0128765967414466
1,2016-02-28,0.0621045865641804,0.465254338126092,0.0381611526969339,0.0326542507901556,0.03406477981986,0.00327519269774799,0.00295639852079303,0.002462154764458,0.0433041745126525,0.0159667549603512,0.0180190532525464
1,2016-02-26,0.0527314068793845,0.23870203809466,0.0381611526969339,0.0326542507901556,0.03406477981986,0.00327519269774799,0.00295639852079303,0.002462154764458,0.0382009235734168,0.0135916911426564,0.0156607209243169
1,2016-02-29,0.0678923374350788,0.437101043079822,0.0381611526969339,0.0326542507901556,0.03406477981986,0.00327519269774799,0.00295639852079303,0.002462154764458,0.0462671538880487,0.0173783047356439,0.0195998195469707
1,2016-02-24,0.0458813586137168,0.344560212137967,0.0381611526969339,0.0326542507901556,0.03406477981986,0.00327519269774799,0.00295639852079303,0.002462154764458,0.0340550231007612,0.0117378400793014,0.0142019477838429
1,2016-02-22,0.0410488219720587,0.298519374747178,0.0381611526969339,0.0326542507901556,0.03406477981986,0.00327519269774799,0.00295639852079303,0.002462154764458,0.0306954438748799,0.0103120836596105,0.0134329529471794
1,2016-02-20,0.0375059464012543,0.177753803490261,0.0381611526969339,0.0326542507901556,0.03406477981986,0.00327519269774799,0.00295639852079303,0.002462154764458,0.0278702592081621,0.00918183017796734,0.0130489312083739
1,2016-02-23,0.0432475220167287,0.322274581769855,0.0381611526969339,0.0326542507901556,0.03406477981986,0.00327519269774799,0.00295639852079303,0.002462154764458,0.0322887318085893,0.0109778062469334,0.013745630474113
1,2016-02-27,0.057071607945126,0.327388943402848,0.0381611526969339,0.0326542507901556,0.03406477981986,0.00327519269774799,0.00295639852079303,0.002462154764458,0.0406224107385499,0.0147083588404978,0.016714589102982
1,2016-02-25,0.0490219886684251,0.368444581473232,0.0381611526969339,0.0326542507901556,0.03406477981986,0.00327519269774799,0.00295639852079303,0.002462154764458,0.0360187740249288,0.0126053266334,0.0148317425425907
2,2016-01-25,0.00682074892064696,0.0272790942101027,0.0388774334022668,0.0318891861111445,0.0368588875659481,0.00257765644980862,0.00209733104362728,0.00270497958067507,0.00516500561037043,0.00160669493250875,0.00252144605569205
2,2016-01-24,0.00605492383079901,0.0259315975603278,0.0388774334022668,0.0318891861111445,0.0368588875659481,0.00257765644980862,0.00209733104362728,0.00270497958067507,0.00459218923744142,0.00140910116890234,0.00229413851312352
2,2016-01-08,0.00272757418089654,0.0190328081243593,0.0388774334022668,0.0318891861111445,0.0368588875659481,0.00257765644980862,0.00209733104362728,0.00270497958067507,0.00227769633042788,0.000526411942697636,0.000852271746536219
2,2016-01-17,0.0040255913415826,0.0299332261874816,0.0388774334022668,0.0318891861111445,0.0368588875659481,0.00257765644980862,0.00209733104362728,0.00270497958067507,0.00303108932844754,0.000998763060680076,0.00152509926211954
2,2016-01-15,0.00390316817194088,0.0227464426215043,0.0388774334022668,0.0318891861111445,0.0368588875659481,0.00257765644980862,0.00209733104362728,0.00270497958067507,0.0029496022405963,0.000978253041152512,0.00141750731245209
2,2016-01-26,0.00777108668723445,0.0502077571438549,0.0388774334022668,0.0318891861111445,0.0368588875659481,0.00257765644980862,0.00209733104362728,0.00270497958067507,0.00587023421935785,0.00186251930772823,0.00279436957932013
2,2016-01-13,0.00376470465533676,0.031367307615956,0.0388774334022668,0.0318891861111445,0.0368588875659481,0.00257765644980862,0.00209733104362728,0.00270497958067507,0.00287570680120397,0.000931524369857424,0.00130544771971063
2,2016-01-11,0.00351560343329871,0.0307314196375251,0.0388774334022668,0.0318891861111445,0.0368588875659481,0.00257765644980862,0.00209733104362728,0.00270497958067507,0.00274136714980533,0.000832126129089793,0.00116553289488609
2,2016-01-09,0.0030612671473552,0.0165500177452318,0.0388774334022668,0.0318891861111445,0.0368588875659481,0.00257765644980862,0.00209733104362728,0.00270497958067507,0.00247854742593517,0.000653607401144619,0.000974375248969428
2,2016-01-18,0.00411034947081491,0.0353728044608527,0.0388774334022668,0.0318891861111445,0.0368588875659481,0.00257765644980862,0.00209733104362728,0.00270497958067507,0.00309594094694063,0.00100745198781385,0.00158452849236583
2,2016-01-16,0.00396047246522756,0.0250259240820943,0.0388774334022668,0.0318891861111445,0.0368588875659481,0.00257765644980862,0.00209733104362728,0.00270497958067507,0.00298514458718548,0.000990132200030674,0.001470400018357
2,2016-01-27,0.00892780123828336,0.0413427713742884,0.0388774334022668,0.0318891861111445,0.0368588875659481,0.00257765644980862,0.00209733104362728,0.00270497958067507,0.00672287518958506,0.00218441232033444,0.00311833230485774
2,2016-01-14,0.00384185379191359,0.0263312513488833,0.0388774334022668,0.0318891861111445,0.0368588875659481,0.00257765644980862,0.00209733104362728,0.00270497958067507,0.00291595780612185,0.000959819219332471,0.00136349769577867
2,2016-01-12,0.00365989609240145,0.0250678302607648,0.0388774334022668,0.0318891861111445,0.0368588875659481,0.00257765644980862,0.00209733104362728,0.00270497958067507,0.00282034474328452,0.000890062128014239,0.00124043393562181
2,2016-01-10,0.00332000200821961,0.0253104942730344,0.0388774334022668,0.0318891861111445,0.0368588875659481,0.00257765644980862,0.00209733104362728,0.00270497958067507,0.00263026953820826,0.000754410008370964,0.00107782114887734
2,2016-01-19,0.00422824476238561,0.0364529464103283,0.0388774334022668,0.0318891861111445,0.0368588875659481,0.00257765644980862,0.00209733104362728,0.00270497958067507,0.00318928653232675,0.00102026062298854,0.00165202778642599
2,2016-01-30,0.0137944441068174,0.0921659912558901,0.0388774334022668,0.0318891861111445,0.0368588875659481,0.00257765644980862,0.00209733104362728,0.00270497958067507,0.0102761922977857,0.00359761857035822,0.00443564794953511
2,2016-01-28,0.0103127566815156,0.078526800508669,0.0388774334022668,0.0318891861111445,0.0368588875659481,0.00257765644980862,0.00209733104362728,0.00270497958067507,0.00773792864623334,0.00258021199610104,0.00349875745315481
2,2016-02-06,0.0311515895292686,0.183863785142842,0.0388774334022668,0.0318891861111445,0.0368588875659481,0.00257765644980862,0.00209733104362728,0.00270497958067507,0.0230957159695339,0.00827697190762793,0.00898770863608095
2,2016-02-15,0.0596108215938157,0.388378272418406,0.0388774334022668,0.0318891861111445,0.0368588875659481,0.00257765644980862,0.00209733104362728,0.00270497958067507,0.0443299414242601,0.0151847357286639,0.0158931216709519
2,2016-02-13,0.0520488164933611,0.36132900549039,0.0388774334022668,0.0318891861111445,0.0368588875659481,0.00257765644980862,0.00209733104362728,0.00270497958067507,0.0390038795272432,0.012779111357908,0.0142347103937675
2,2016-01-22,0.00498935525043407,0.0159293213157326,0.0388774334022668,0.0318891861111445,0.0368588875659481,0.00257765644980862,0.00209733104362728,0.00270497958067507,0.00378379269903346,0.00115725337343414,0.00195467848776535
2,2016-01-31,0.0158518507725053,0.124128415575632,0.0388774334022668,0.0318891861111445,0.0368588875659481,0.00257765644980862,0.00209733104362728,0.00270497958067507,0.0117756660631698,0.00419741232434991,0.00498227980546661
2,2016-01-29,0.011940266803578,0.0754399499134608,0.0388774334022668,0.0318891861111445,0.0368588875659481,0.00257765644980862,0.00209733104362728,0.00270497958067507,0.00892550956176745,0.0030543482520702,0.00393918825107479
2,2016-02-07,0.0339753428077042,0.231263034264034,0.0388774334022668,0.0318891861111445,0.0368588875659481,0.00257765644980862,0.00209733104362728,0.00270497958067507,0.0252360247891673,0.0089193321663206,0.00972155678837588
2,2016-02-16,0.0639239664582259,0.372731331004885,0.0388774334022668,0.0318891861111445,0.0368588875659481,0.00257765644980862,0.00209733104362728,0.00270497958067507,0.0472189661098268,0.0168377030345572,0.0167777288329496
2,2016-02-14,0.0556705618996388,0.351243883650196,0.0388774334022668,0.0318891861111445,0.0368588875659481,0.00257765644980862,0.00209733104362728,0.00270497958067507,0.041598112659169,0.013849725617323,0.0150474225018456
2,2016-01-23,0.00545174730996867,0.0380734295045282,0.0388774334022668,0.0318891861111445,0.0368588875659481,0.00257765644980862,0.00209733104362728,0.00270497958067507,0.00413678497538953,0.00126189999113536,0.00210702373076461
2,2016-02-01,0.0180890489819136,0.1032184288529,0.0388774334022668,0.0318891861111445,0.0368588875659481,0.00257765644980862,0.00209733104362728,0.00270497958067507,0.0134096200668014,0.00484111888743014,0.00557322707580021
2,2016-02-10,0.0425509571785806,0.32637010990528,0.0388774334022668,0.0318891861111445,0.0368588875659481,0.00257765644980862,0.00209733104362728,0.00270497958067507,0.0318507510573509,0.0106180302649539,0.0119352871170707
2,2016-02-08,0.0368148228987619,0.292033827132026,0.0388774334022668,0.0318891861111445,0.0368588875659481,0.00257765644980862,0.00209733104362728,0.00270497958067507,0.0274106383092204,0.00951733084779557,0.0104587231535892
2,2016-02-17,0.0686643673752037,0.412634512345266,0.0388774334022668,0.0318891861111445,0.0368588875659481,0.00257765644980862,0.00209733104362728,0.00270497958067507,0.0502847870031802,0.0188621888776294,0.0177071649197017
2,2016-02-26,0.120907469065409,0.441845546619704,0.0388774334022668,0.0318891861111445,0.0368588875659481,0.00257765644980862,0.00209733104362728,0.00270497958067507,0.0827451732897163,0.0437715568838851,0.0272146388226393
2,2016-02-04,0.0256450146851771,0.12326739495263,0.0388774334022668,0.0318891861111445,0.0368588875659481,0.00257765644980862,0.00209733104362728,0.00270497958067507,0.0189752555959992,0.0069096091650502,0.00755339394252253
2,2016-02-02,0.0204826009163139,0.172583715749723,0.0388774334022668,0.0318891861111445,0.0368588875659481,0.00257765644980862,0.00209733104362728,0.00270497958067507,0.0151637435175624,0.0055161276329837,0.00620263301746679
2,2016-02-11,0.0455433850151662,0.284165291201205,0.0388774334022668,0.0318891861111445,0.0368588875659481,0.00257765644980862,0.00209733104362728,0.00270497958067507,0.0341497990136449,0.0112168250243499,0.0126845636332432
2,2016-02-09,0.0396595601005572,0.256686088229096,0.0388774334022668,0.0318891861111445,0.0368588875659481,0.00257765644980862,0.00209733104362728,0.00270497958067507,0.0296108975849797,0.0100693859869779,0.0111953139344737
2,2016-02-18,0.0738863952270833,0.453229628034548,0.0388774334022668,0.0318891861111445,0.0368588875659481,0.00257765644980862,0.00209733104362728,0.00270497958067507,0.0535470043916308,0.0213117546005069,0.0186873508630715
2,2016-02-27,0.125376466466445,0.549321560425624,0.0388774334022668,0.0318891861111445,0.0368588875659481,0.00257765644980862,0.00209733104362728,0.00270497958067507,0.0860986548192863,0.0448220817885816,0.0281686729441986
2,2016-02-05,0.0283670008821835,0.16560279798429,0.0388774334022668,0.0318891861111445,0.0368588875659481,0.00257765644980862,0.00209733104362728,0.00270497958067507,0.0210040226414385,0.00760286069833274,0.00826303543977345
2,2016-02-03,0.0230090687569778,0.17274175323625,0.0388774334022668,0.0318891861111445,0.0368588875659481,0.00257765644980862,0.00209733104362728,0.00270497958067507,0.0170237256243344,0.00620982793439548,0.00686464088739727
2,2016-02-12,0.0486912144926483,0.34301257909568,0.0388774334022668,0.0318891861111445,0.0368588875659481,0.00257765644980862,0.00209733104362728,0.00270497958067507,0.0365276417411721,0.0119193316077925,0.0134490644148544
2,2016-02-21,0.0919842636231755,0.448377375581578,0.0388774334022668,0.0318891861111445,0.0368588875659481,0.00257765644980862,0.00209733104362728,0.00270497958067507,0.0643679128094526,0.0307314765617559,0.0218919928576081
2,2016-02-19,0.0796073214298175,0.487433767643158,0.0388774334022668,0.0318891861111445,0.0368588875659481,0.00257765644980862,0.00209733104362728,0.00270497958067507,0.0570126213183698,0.0242023664379466,0.0197205178062587
2,2016-02-28,0.129202274906928,0.68203577254308,0.0388774334022668,0.0318891861111445,0.0368588875659481,0.00257765644980862,0.00209733104362728,0.00270497958067507,0.0892779827379543,0.0451424841223396,0.0290667203611222
2,2016-02-20,0.0856960195338331,0.362702624524454,0.0388774334022668,0.0318891861111445,0.0368588875659481,0.00257765644980862,0.00209733104362728,0.00270497958067507,0.0606382518501119,0.0273996101932267,0.0207941377378099
2,2016-02-29,0.132300380087354,0.632885263552446,0.0388774334022668,0.0318891861111445,0.0368588875659481,0.00257765644980862,0.00209733104362728,0.00270497958067507,0.0922555984191488,0.0446455845675551,0.0299008889502773
2,2016-02-24,0.110377964579694,0.615707460388327,0.0388774334022668,0.0318891861111445,0.0368588875659481,0.00257765644980862,0.00209733104362728,0.00270497958067507,0.0756259839041567,0.0398288566320888,0.0251701789581459
2,2016-02-22,0.0983038277818904,0.561906098410634,0.0388774334022668,0.0318891861111445,0.0368588875659481,0.00257765644980862,0.00209733104362728,0.00270497958067507,0.0681456210189868,0.0340259562389427,0.0229978653655363
2,2016-02-25,0.115879797003324,0.627506776541805,0.0388774334022668,0.0318891861111445,0.0368588875659481,0.00257765644980862,0.00209733104362728,0.00270497958067507,0.0792450967758158,0.0420780887258528,0.0262125101195775
2,2016-02-23,0.104486486094023,0.59773047947814,0.0388774334022668,0.0318891861111445,0.0368588875659481,0.00257765644980862,0.00209733104362728,0.00270497958067507,0.0719153933013101,0.0371110399201958,0.0240955374614777
3,2016-01-18,0.00714611137393643,0.0627173699795872,0.0358283559979859,0.0276805287671223,0.0272615188029908,0.00259962643070579,0.000989692186057028,0.00379683077081977,0.00444478010873378,0.000857673392473507,0.00184488961033197
3,2016-01-16,0.00626290096689827,0.0394893236203073,0.0358283559979859,0.0276805287671223,0.0272615188029908,0.00259962643070579,0.000989692186057028,0.00379683077081977,0.00398266125473455,0.000764913420884471,0.00160850515268338
3,2016-01-17,0.00668235947663598,0.0500063395831579,0.0358283559979859,0.0276805287671223,0.0272615188029908,0.00259962643070579,0.000989692186057028,0.00379683077081977,0.0041962280503952,0.000804358219469381,0.00172133139170403
3,2016-01-15,0.00587295067255365,0.0343032527276374,0.0358283559979859,0.0276805287671223,0.0272615188029908,0.00259962643070579,0.000989692186057028,0.00379683077081977,0.00379212526284004,0.000734677792990069,0.00150347376397571
3,2016-01-12,0.00473229736018172,0.0324230681164015,0.0358283559979859,0.0276805287671223,0.0272615188029908,0.00259962643070579,0.000989692186057028,0.00379683077081977,0.00323915752063474,0.000652613896162754,0.0012057774067876
3,2016-01-23,0.0107709901062922,0.0752864764066291,0.0358283559979859,0.0276805287671223,0.0272615188029908,0.00259962643070579,0.000989692186057028,0.00379683077081977,0.00673149497350512,0.00148635752136198,0.00275090206553872
3,2016-01-19,0.00766993573022107,0.0675211683790154,0.0358283559979859,0.0276805287671223,0.0272615188029908,0.00259962643070579,0.000989692186057028,0.00379683077081977,0.00474107804523013,0.000929447427762161,0.00198231247500275
3,2016-01-08,0.00272757418089654,0.0191951512081733,0.0358283559979859,0.0276805287671223,0.0272615188029908,0.00259962643070579,0.000989692186057028,0.00379683077081977,0.00209906127643493,0.000389344063851466,0.000739790991064421
3,2016-02-08,0.0565363557212944,0.465070528164274,0.0358283559979859,0.0276805287671223,0.0272615188029908,0.00259962643070579,0.000989692186057028,0.00379683077081977,0.0415413553740228,0.0131996501845735,0.0127568288658021
3,2016-02-06,0.0475851064612975,0.281311011239122,0.0358283559979859,0.0276805287671223,0.0272615188029908,0.00259962643070579,0.000989692186057028,0.00379683077081977,0.0345914453670213,0.0104458772082835,0.0108359164047452
3,2016-01-13,0.00512243404136503,0.0436091619248421,0.0358283559979859,0.0276805287671223,0.0272615188029908,0.00259962643070579,0.000989692186057028,0.00379683077081977,0.00343232785470197,0.000683189234357921,0.00130504702032212
3,2016-01-24,0.0119014357764453,0.0499285849312794,0.0358283559979859,0.0276805287671223,0.0272615188029908,0.00259962643070579,0.000989692186057028,0.00379683077081977,0.00751436249274421,0.00171416307561472,0.00301832575684518
3,2016-01-22,0.00980336583427367,0.0302184236346948,0.0358283559979859,0.0276805287671223,0.0272615188029908,0.00259962643070579,0.000989692186057028,0.00379683077081977,0.00607952416745374,0.00129820808799866,0.0025176992438431
3,2016-01-09,0.00332495178823994,0.0177705940658752,0.0358283559979859,0.0276805287671223,0.0272615188029908,0.00259962643070579,0.000989692186057028,0.00379683077081977,0.0024631064914982,0.000485629201316305,0.000872498047821582
3,2016-02-09,0.0613058951859754,0.403472175961304,0.0358283559979859,0.0276805287671223,0.0272615188029908,0.00259962643070579,0.000989692186057028,0.00379683077081977,0.0452533900760843,0.0147610583982602,0.0137786842267761
3,2016-02-07,0.0519582521655711,0.361375320955594,0.0358283559979859,0.0276805287671223,0.0272615188029908,0.00259962643070579,0.000989692186057028,0.00379683077081977,0.0379841474734994,0.0117614051372225,0.0117749047938987
3,2016-01-14,0.00549772342143245,0.0383193895467927,0.0358283559979859,0.0276805287671223,0.0272615188029908,0.00259962643070579,0.000989692186057028,0.00379683077081977,0.00361266561579978,0.000708990132057456,0.00140330009628672
3,2016-01-25,0.0132154514124133,0.0514712649687935,0.0358283559979859,0.0276805287671223,0.0272615188029908,0.00259962643070579,0.000989692186057028,0.00379683077081977,0.00844491812349063,0.00198584965930514,0.00332408066990436
3,2016-02-03,0.0357570228422628,0.274294245686885,0.0358283559979859,0.0276805287671223,0.0272615188029908,0.00259962643070579,0.000989692186057028,0.00379683077081977,0.0254507217225985,0.0071736596771577,0.00828840228135409
3,2016-01-10,0.00384834140578883,0.0298691700897829,0.0358283559979859,0.0276805287671223,0.0272615188029908,0.00259962643070579,0.000989692186057028,0.00379683077081977,0.0027665012979447,0.000558495083370659,0.000992440049831634
3,2016-02-10,0.0662239034011881,0.528409323978533,0.0358283559979859,0.0276805287671223,0.0272615188029908,0.00259962643070579,0.000989692186057028,0.00379683077081977,0.0490919957814449,0.0164230854359881,0.0148301836874521
3,2016-01-30,0.0232294000067079,0.1577369339092,0.0358283559979859,0.0276805287671223,0.0272615188029908,0.00259962643070579,0.000989692186057028,0.00379683077081977,0.0158716153051598,0.00415299480108618,0.00556462715725688
3,2016-01-28,0.0184664037920117,0.143579794005857,0.0358283559979859,0.0276805287671223,0.0272615188029908,0.00259962643070579,0.000989692186057028,0.00379683077081977,0.0122906276679696,0.00310644467248557,0.00451243626101652
3,2016-01-26,0.0147337855818768,0.0960565988728248,0.0358283559979859,0.0276805287671223,0.0272615188029908,0.00259962643070579,0.000989692186057028,0.00379683077081977,0.00953995326406394,0.00230564218098157,0.00367227715685807
3,2016-02-04,0.0394783311611347,0.186202576144077,0.0358283559979859,0.0276805287671223,0.0272615188029908,0.00259962643070579,0.000989692186057028,0.00379683077081977,0.0283196977004968,0.00815819812372922,0.00909148145371586
3,2016-01-11,0.00431252820571287,0.038784480720484,0.0358283559979859,0.0276805287671223,0.0272615188029908,0.00259962643070579,0.000989692186057028,0.00379683077081977,0.00302120015468626,0.000612602913743235,0.00110255412638887
3,2016-02-11,0.071240051904523,0.459756923237646,0.0358283559979859,0.0276805287671223,0.0272615188029908,0.00259962643070579,0.000989692186057028,0.00379683077081977,0.0530242724904325,0.0181574393579083,0.0158992193595392
3,2016-01-31,0.0259953428725894,0.208178555771486,0.0358283559979859,0.0276805287671223,0.0272615188029908,0.00259962643070579,0.000989692186057028,0.00379683077081977,0.0179718027032482,0.00478292497452811,0.00616992231396466
3,2016-01-29,0.0207177001003458,0.130697203395764,0.0358283559979859,0.0276805287671223,0.0272615188029908,0.00259962643070579,0.000989692186057028,0.00379683077081977,0.0139762120297089,0.00359623258223139,0.00501173724135517
3,2016-01-27,0.0164771868525161,0.0742419369617018,0.0358283559979859,0.0276805287671223,0.0272615188029908,0.00259962643070579,0.000989692186057028,0.00379683077081977,0.0108162593127838,0.00267776554919228,0.00406702556984817
3,2016-02-05,0.0434230792469825,0.253599900350042,0.0358283559979859,0.0276805287671223,0.0272615188029908,0.00259962643070579,0.000989692186057028,0.00379683077081977,0.0313682838456624,0.00924687275227846,0.00994104739309859
3,2016-02-14,0.086374054519166,0.566305879716817,0.0358283559979859,0.0276805287671223,0.0272615188029908,0.00259962643070579,0.000989692186057028,0.00379683077081977,0.0650541286424372,0.0235115430303333,0.0190904647613598
3,2016-02-12,0.0763040122335706,0.558127426334218,0.0358283559979859,0.0276805287671223,0.0272615188029908,0.00259962643070579,0.000989692186057028,0.00379683077081977,0.0570173202033751,0.0199358282241719,0.0169736833547468
3,2016-02-01,0.0290093680594815,0.165817795434532,0.0358283559979859,0.0276805287671223,0.0272615188029908,0.00259962643070579,0.000989692186057028,0.00379683077081977,0.0202717394329002,0.00549221674803526,0.00682643901672146
3,2016-02-21,0.116311833088553,0.596472260121911,0.0358283559979859,0.0276805287671223,0.0272615188029908,0.00259962643070579,0.000989692186057028,0.00379683077081977,0.0905654520762255,0.0336565810780835,0.0250475563259595
3,2016-02-28,0.143404333054188,0.823388004244068,0.0358283559979859,0.0276805287671223,0.0272615188029908,0.00259962643070579,0.000989692186057028,0.00379683077081977,0.113072421235021,0.0454762915463542,0.0305726989751906
3,2016-02-26,0.134906156827575,0.513337916243727,0.0358283559979859,0.0276805287671223,0.0272615188029908,0.00259962643070579,0.000989692186057028,0.00379683077081977,0.106536787462178,0.0410826106251444,0.0287280424659913
3,2016-02-15,0.0912794795508948,0.624510386859155,0.0358283559979859,0.0276805287671223,0.0272615188029908,0.00259962643070579,0.000989692186057028,0.00379683077081977,0.0690320893692124,0.0252522850905333,0.0201085663961836
3,2016-02-13,0.0813654559259214,0.587976751420874,0.0358283559979859,0.0276805287671223,0.0272615188029908,0.00259962643070579,0.000989692186057028,0.00379683077081977,0.0610382389206008,0.0217299600949299,0.0180414677847839
3,2016-02-02,0.0322653149288755,0.280119295353967,0.0358283559979859,0.0276805287671223,0.0272615188029908,0.00259962643070579,0.000989692186057028,0.00379683077081977,0.0227663907030416,0.00628706376708575,0.00753299357077029
3,2016-02-22,0.119887296437011,0.736558369478668,0.0358283559979859,0.0276805287671223,0.0272615188029908,0.00259962643070579,0.000989692186057028,0.00379683077081977,0.0937739975244752,0.0348699469025724,0.0257258248649229
3,2016-02-29,0.148009288531533,0.758114086400743,0.0358283559979859,0.0276805287671223,0.0272615188029908,0.00259962643070579,0.000989692186057028,0.00379683077081977,0.116411949300182,0.0480916572657154,0.0316151079909531
3,2016-02-27,0.139046876068366,0.646328418871382,0.0358283559979859,0.0276805287671223,0.0272615188029908,0.00259962643070579,0.000989692186057028,0.00379683077081977,0.109783807414088,0.0431490844136677,0.0296135742857206
3,2016-02-16,0.0960314025586984,0.588002583374986,0.0358283559979859,0.0276805287671223,0.0272615188029908,0.00259962643070579,0.000989692186057028,0.00379683077081977,0.0729392211012541,0.0269238943356808,0.0210836648009645
3,2016-02-25,0.130951414585326,0.769294129871334,0.0358283559979859,0.0276805287671223,0.0272615188029908,0.00259962643070579,0.000989692186057028,0.00379683077081977,0.103322041004086,0.0392494449382721,0.027906412059451
3,2016-02-23,0.123476818110497,0.758632829137876,0.0358283559979859,0.0276805287671223,0.0272615188029908,0.00259962643070579,0.000989692186057028,0.00379683077081977,0.0969520870685383,0.0361733368994339,0.02641608965973
3,2016-02-20,0.112670791631077,0.489299624513854,0.0358283559979859,0.0276805287671223,0.0272615188029908,0.00259962643070579,0.000989692186057028,0.00379683077081977,0.0872916824513986,0.0324722312242241,0.0243584532551501
3,2016-02-24,0.12715188859513,0.767129490744834,0.0358283559979859,0.0276805287671223,0.0272615188029908,0.00259962643070579,0.000989692186057028,0.00379683077081977,0.100130247664608,0.0376221621105393,0.0271389916095478
3,2016-02-19,0.108884535630539,0.707317212708917,0.0358283559979859,0.0276805287671223,0.0272615188029908,0.00259962643070579,0.000989692186057028,0.00379683077081977,0.0839179203776037,0.0312558891392517,0.023635684864805
3,2016-02-17,0.100579495080167,0.635045073078757,0.0358283559979859,0.0276805287671223,0.0272615188029908,0.00259962643070579,0.000989692186057028,0.00379683077081977,0.0767426238388909,0.028498078825927,0.0220036520874117
3,2016-02-18,0.104873428652892,0.678521736070562,0.0358283559979859,0.0276805287671223,0.0272615188029908,0.00259962643070579,0.000989692186057028,0.00379683077081977,0.0804093975824502,0.029946546621423,0.0228564203672343
4,2016-01-19,0.00804695983685018,0.0715335637493283,0.042680592212374,0.0337709403194399,0.0390158592452212,0.0033129625071765,0.00256802456673841,0.00669974444005283,0.00624892628536697,0.00141687690254989,0.00164736413934437
4,2016-01-22,0.0110200053374331,0.035121922896423,0.042680592212374,0.0337709403194399,0.0390158592452212,0.0033129625071765,0.00256802456673841,0.00669974444005283,0.00868303364813328,0.00213733692991646,0.00227283872796016
4,2016-01-18,0.00730749530820231,0.0647999414789488,0.042680592212374,0.0337709403194399,0.0390158592452212,0.0033129625071765,0.00256802456673841,0.00669974444005283,0.00566598380064616,0.00127951471416049,0.00149868043106128
4,2016-01-13,0.00479293072526828,0.041106488248579,0.042680592212374,0.0337709403194399,0.0390158592452212,0.0033129625071765,0.00256802456673841,0.00669974444005283,0.00385896204016251,0.000990118459979288,0.00110093371158542
4,2016-01-17,0.00666885261762119,0.0507185557094163,0.042680592212374,0.0337709403194399,0.0390158592452212,0.0033129625071765,0.00256802456673841,0.00669974444005283,0.00517690390277168,0.00118028298069331,0.00137820375987265
4,2016-01-14,0.00519337824483055,0.0364695985135016,0.042680592212374,0.0337709403194399,0.0390158592452212,0.0033129625071765,0.00256802456673841,0.00669974444005283,0.00412328749068921,0.00102425618332946,0.00114788146134993
4,2016-01-12,0.0044104515272485,0.0306360371522716,0.042680592212374,0.0337709403194399,0.0390158592452212,0.0033129625071765,0.00256802456673841,0.00669974444005283,0.0036125793962131,0.000950240545227288,0.00106196102572344
4,2016-01-23,0.0123118632527865,0.0877947277165063,0.042680592212374,0.0337709403194399,0.0390158592452212,0.0033129625071765,0.00256802456673841,0.00669974444005283,0.00976238720726479,0.00250649818758356,0.00254336710639073
4,2016-01-10,0.00363286934189686,0.0283539846774743,0.042680592212374,0.0337709403194399,0.0390158592452212,0.0033129625071765,0.00256802456673841,0.00669974444005283,0.00311244923963077,0.000818042231228044,0.00099128937938147
4,2016-01-08,0.00272757418089654,0.0194498859507105,0.042680592212374,0.0337709403194399,0.0390158592452212,0.0033129625071765,0.00256802456673841,0.00669974444005283,0.00250051044411139,0.00055721742075224,0.000902563589672827
4,2016-01-15,0.0056284262744202,0.0333844693149916,0.042680592212374,0.0337709403194399,0.0390158592452212,0.0033129625071765,0.00256802456673841,0.00669974444005283,0.00442085406989706,0.00106145919285023,0.00120696714159837
4,2016-02-06,0.0565196161382166,0.341381733117076,0.042680592212374,0.0337709403194399,0.0390158592452212,0.0033129625071765,0.00256802456673841,0.00669974444005283,0.0483000014952033,0.0199182463189411,0.0119246791352893
4,2016-01-26,0.0172969921074966,0.114664298079808,0.042680592212374,0.0337709403194399,0.0390158592452212,0.0033129625071765,0.00256802456673841,0.00669974444005283,0.0139705439677218,0.00411111610303045,0.00355042470443142
4,2016-01-24,0.0137787885975257,0.0595507901212379,0.042680592212374,0.0337709403194399,0.0390158592452212,0.0033129625071765,0.00256802456673841,0.00669974444005283,0.0109955118865051,0.00295327178342917,0.0028460284230855
4,2016-01-11,0.00402930846228632,0.0363192673646626,0.042680592212374,0.0337709403194399,0.0390158592452212,0.0033129625071765,0.00256802456673841,0.00669974444005283,0.00336884123673714,0.000895816961501018,0.00102680053718259
4,2016-01-09,0.00320450197759523,0.0174187987171893,0.042680592212374,0.0337709403194399,0.0390158592452212,0.0033129625071765,0.00256802456673841,0.00669974444005283,0.00282810508279014,0.000708110876835929,0.000951264685738682
4,2016-01-16,0.00611470700252212,0.0392651453962939,0.042680592212374,0.0337709403194399,0.0390158592452212,0.0033129625071765,0.00256802456673841,0.00669974444005283,0.00476696009988993,0.00111053296611403,0.00128235361891215
4,2016-02-07,0.0623661256520117,0.439377328688336,0.042680592212374,0.0337709403194399,0.0390158592452212,0.0033129625071765,0.00256802456673841,0.00669974444005283,0.0536312606754742,0.0224690935049663,0.0134595600706372
4,2016-01-27,0.0193778455388959,0.090049414864079,0.042680592212374,0.0337709403194399,0.0390158592452212,0.0033129625071765,0.00256802456673841,0.00669974444005283,0.0157361860509031,0.00483791688347341,0.00395349708566445
4,2016-01-25,0.0154355690047345,0.0620632548343146,0.042680592212374,0.0337709403194399,0.0390158592452212,0.0033129625071765,0.00256802456673841,0.00669974444005283,0.0123942750264566,0.00348552274579692,0.00318149138633543
4,2016-02-03,0.041629671104562,0.322931289680983,0.042680592212374,0.0337709403194399,0.0390158592452212,0.0033129625071765,0.00256802456673841,0.00669974444005283,0.0349523354024841,0.0135727650569831,0.00835468203805305
4,2016-02-12,0.0972214527397166,0.719071677488262,0.042680592212374,0.0337709403194399,0.0390158592452212,0.0033129625071765,0.00256802456673841,0.00669974444005283,0.0860644394142711,0.0382572004493471,0.0235031114959535
4,2016-02-10,0.0826236449095689,0.664907015144251,0.042680592212374,0.0337709403194399,0.0390158592452212,0.0033129625071765,0.00256802456673841,0.00669974444005283,0.0723954004968498,0.0315008833257086,0.0192093144391663
4,2016-02-08,0.0686927507483919,0.569699569889742,0.042680592212374,0.0337709403194399,0.0390158592452212,0.0033129625071765,0.00256802456673841,0.00669974444005283,0.0594491205807395,0.0252579652542359,0.015194274851803
4,2016-01-28,0.0216929169320161,0.170684195236999,0.042680592212374,0.0337709403194399,0.0390158592452212,0.0033129625071765,0.00256802456673841,0.00669974444005283,0.0177030686166029,0.00567379011546938,0.00439137723832544
4,2016-02-26,0.15216849912332,0.593611705564762,0.042680592212374,0.0337709403194399,0.0390158592452212,0.0033129625071765,0.00256802456673841,0.00669974444005283,0.136750039589989,0.0742552207020126,0.033610415573291
4,2016-02-04,0.0461744998632698,0.224383411610966,0.042680592212374,0.0337709403194399,0.0390158592452212,0.0033129625071765,0.00256802456673841,0.00669974444005283,0.0389878881488957,0.0154821908032842,0.00938867585560707
4,2016-02-13,0.104349826575504,0.762583138367302,0.042680592212374,0.0337709403194399,0.0390158592452212,0.0033129625071765,0.00256802456673841,0.00669974444005283,0.0927534181674057,0.0416756542700567,0.0255713188065415
4,2016-02-11,0.0899233091570516,0.587555100421684,0.042680592212374,0.0337709403194399,0.0390158592452212,0.0033129625071765,0.00256802456673841,0.00669974444005283,0.0792228901466103,0.0348453128831415,0.0213580133376499
4,2016-02-09,0.075490709079329,0.504931738927292,0.042680592212374,0.0337709403194399,0.0390158592452212,0.0033129625071765,0.00256802456673841,0.00669974444005283,0.0657486005974174,0.0282848035313171,0.0171303049080387
4,2016-01-29,0.0242583811475567,0.156260295577007,0.042680592212374,0.0337709403194399,0.0390158592452212,0.0033129625071765,0.00256802456673841,0.00669974444005283,0.0198856393303545,0.00662730810736057,0.00486736170875847
4,2016-02-27,0.158335338652156,0.749432828371535,0.042680592212374,0.0337709403194399,0.0390158592452212,0.0033129625071765,0.00256802456673841,0.00669974444005283,0.142721670824868,0.0775424327417487,0.0356058104309924
4,2016-02-05,0.0511301112082287,0.305303896947937,0.042680592212374,0.0337709403194399,0.0390158592452212,0.0033129625071765,0.00256802456673841,0.00669974444005283,0.0434279937497397,0.0175933149878253,0.0105731963091492
4,2016-02-14,0.111140181582353,0.738281412754616,0.042680592212374,0.0337709403194399,0.0390158592452212,0.0033129625071765,0.00256802456673841,0.00669974444005283,0.0991231962735869,0.0450397825910014,0.027489345161878
4,2016-02-23,0.141026113814871,0.877139232287031,0.042680592212374,0.0337709403194399,0.0390158592452212,0.0033129625071765,0.00256802456673841,0.00669974444005283,0.126235343062075,0.0666230987909755,0.0312549186833719
4,2016-02-01,0.0336799173507873,0.196279821765713,0.042680592212374,0.0337709403194399,0.0390158592452212,0.0033129625071765,0.00256802456673841,0.00669974444005283,0.0279854913122086,0.0103105740457618,0.0066725313644698
4,2016-01-30,0.0270959619566801,0.186266446418127,0.042680592212374,0.0337709403194399,0.0390158592452212,0.0033129625071765,0.00256802456673841,0.00669974444005283,0.0223086671574144,0.0077098722874832,0.00539525839552027
4,2016-02-28,0.166034348922158,0.966474737019258,0.042680592212374,0.0337709403194399,0.0390158592452212,0.0033129625071765,0.00256802456673841,0.00669974444005283,0.150230063553189,0.0812893170275319,0.0383514294394914
4,2016-02-17,0.127800642808668,0.81764911044616,0.042680592212374,0.0337709403194399,0.0390158592452212,0.0033129625071765,0.00256802456673841,0.00669974444005283,0.114651025386139,0.0541972970125597,0.0316094374210197
4,2016-02-15,0.117424268678203,0.811583169780329,0.042680592212374,0.0337709403194399,0.0390158592452212,0.0033129625071765,0.00256802456673841,0.00669974444005283,0.105007143600387,0.0482886936579127,0.029183900454427
4,2016-02-24,0.143697375821572,0.877096300656457,0.042680592212374,0.0337709403194399,0.0390158592452212,0.0033129625071765,0.00256802456673841,0.00669974444005283,0.128688912886986,0.0688484056534367,0.0315220354216406
4,2016-02-02,0.0374725139333272,0.327963591464121,0.042680592212374,0.0337709403194399,0.0390158592452212,0.0033129625071765,0.00256802456673841,0.00669974444005283,0.0312939862203175,0.0118529290405872,0.00745477911987725
4,2016-01-31,0.0302287703581643,0.245035777872257,0.042680592212374,0.0337709403194399,0.0390158592452212,0.0033129625071765,0.00256802456673841,0.00669974444005283,0.02499950138797,0.00893359136417201,0.00599150303522077
4,2016-02-29,0.175449019050222,0.913569653085816,0.042680592212374,0.0337709403194399,0.0390158592452212,0.0033129625071765,0.00256802456673841,0.00669974444005283,0.159457254953346,0.0855487254861729,0.0419343383209477
4,2016-02-18,0.131556431679161,0.860660365514975,0.042680592212374,0.0337709403194399,0.0390158592452212,0.0033129625071765,0.00256802456673841,0.00669974444005283,0.118077699580236,0.0567352057917579,0.0321938388799916
4,2016-02-16,0.123033838780995,0.762057098688286,0.042680592212374,0.0337709403194399,0.0390158592452212,0.0033129625071765,0.00256802456673841,0.00669974444005283,0.11023863001538,0.0513614957165217,0.0305816945766529
4,2016-02-25,0.147350341218757,0.8760337604242,0.042680592212374,0.0337709403194399,0.0390158592452212,0.0033129625071765,0.00256802456673841,0.00669974444005283,0.132133132670159,0.0713748289815122,0.032278179144227
4,2016-02-22,0.139117731650814,0.864622152839201,0.042680592212374,0.0337709403194399,0.0390158592452212,0.0033129625071765,0.00256802456673841,0.00669974444005283,0.124555360077134,0.0646346301614552,0.0313736544024512
4,2016-02-20,0.136113627333203,0.603991295149021,0.042680592212374,0.0337709403194399,0.0390158592452212,0.0033129625071765,0.00256802456673841,0.00669974444005283,0.122052461175696,0.0609168474708946,0.0320821354230121
4,2016-02-21,0.13761206805778,0.716141219821815,0.042680592212374,0.0337709403194399,0.0390158592452212,0.0033129625071765,0.00256802456673841,0.00669974444005283,0.123291797054272,0.0627730163087557,0.0317106328326705
4,2016-02-19,0.134226913774519,0.881389418811195,0.042680592212374,0.0337709403194399,0.0390158592452212,0.0033129625071765,0.00256802456673841,0.00669974444005283,0.120445159623614,0.0589447138858892,0.0323044436224584
5,2016-01-14,0.00413326797004658,0.0240568034004247,0.0561821976250971,0.0448208562977246,0.0365494134245845,0.00346466526281115,0.00243929969105163,0.00142916319785322,0.00599125035514446,0.00114304320573552,0.0012295025556063
5,2016-01-12,0.00340710121785506,0.0193051112333848,0.0561821976250971,0.0448208562977246,0.0365494134245845,0.00346466526281115,0.00243929969105163,0.00142916319785322,0.00487667180773522,0.00089555624931439,0.00113276392621191
5,2016-01-15,0.00460727974101879,0.022498945205069,0.0561821976250971,0.0448208562977246,0.0365494134245845,0.00346466526281115,0.00243929969105163,0.00142916319785322,0.00665246236084239,0.00129651264044828,0.00131489617321397
5,2016-01-13,0.00373457299436804,0.0264639813281149,0.0561821976250971,0.0448208562977246,0.0365494134245845,0.00346466526281115,0.00243929969105163,0.00142916319785322,0.00540155080263859,0.00101077676463509,0.0011692393896515
5,2016-01-08,0.00272757418089654,0.0158197931425796,0.0561821976250971,0.0448208562977246,0.0365494134245845,0.00346466526281115,0.00243929969105163,0.00142916319785322,0.00329152349235576,0.00052199208917714,0.00119788411485236
5,2016-01-17,0.00579762805335664,0.036291201507228,0.0561821976250971,0.0448208562977246,0.0365494134245845,0.00346466526281115,0.00243929969105163,0.00142916319785322,0.00821619131417257,0.00168368876204112,0.00156644575993859
5,2016-01-09,0.00281108912202837,0.0123922773297594,0.0561821976250971,0.0448208562977246,0.0365494134245845,0.00346466526281115,0.00243929969105163,0.00142916319785322,0.00362403921274461,0.000610599579704797,0.00115263625960776
5,2016-01-18,0.0065221517869785,0.047880295287573,0.0561821976250971,0.0448208562977246,0.0365494134245845,0.00346466526281115,0.00243929969105163,0.00142916319785322,0.00913209205298391,0.00192570958458638,0.00173528722733086
5,2016-01-16,0.00516070190341278,0.0272427035245893,0.0561821976250971,0.0448208562977246,0.0365494134245845,0.00346466526281115,0.00243929969105163,0.00142916319785322,0.00739187871532188,0.00147534213660595,0.00142676299161218
5,2016-01-27,0.0185049373535331,0.0689337423032644,0.0561821976250971,0.0448208562977246,0.0365494134245845,0.00346466526281115,0.00243929969105163,0.00142916319785322,0.0229668573289305,0.00665900142890999,0.00487463712595481
5,2016-02-05,0.0432902221599834,0.208431978392199,0.0561821976250971,0.0448208562977246,0.0365494134245845,0.00346466526281115,0.00243929969105163,0.00142916319785322,0.050676853682378,0.0184888048566346,0.0117071482821744
5,2016-02-03,0.0369850463449275,0.237220046883348,0.0561821976250971,0.0448208562977246,0.0365494134245845,0.00346466526281115,0.00243929969105163,0.00142916319785322,0.0432702878896286,0.0152849598374898,0.00986658840735253
5,2016-01-10,0.00294945287781333,0.0188848593309828,0.0561821976250971,0.0448208562977246,0.0365494134245845,0.00346466526281115,0.00243929969105163,0.00142916319785322,0.00399460790837778,0.000699624724681834,0.0011258051103277
5,2016-01-19,0.00733952546218603,0.0535921741519217,0.0561821976250971,0.0448208562977246,0.0365494134245845,0.00346466526281115,0.00243929969105163,0.00142916319785322,0.0101467749255021,0.00220604706216909,0.00193474822471873
5,2016-01-30,0.0254996271204733,0.144796012750084,0.0561821976250971,0.0448208562977246,0.0365494134245845,0.00346466526281115,0.00243929969105163,0.00142916319785322,0.0305521261163035,0.00979095142326376,0.00672430673086746
5,2016-01-28,0.0206446091532457,0.134280863779675,0.0561821976250971,0.0448208562977246,0.0365494134245845,0.00346466526281115,0.00243929969105163,0.00142916319785322,0.0253027623252037,0.00759794366903035,0.00544091695222672
5,2016-02-06,0.0465122835527438,0.229967070709475,0.0561821976250971,0.0448208562977246,0.0365494134245845,0.00346466526281115,0.00243929969105163,0.00142916319785322,0.0546283945138265,0.0201836847727795,0.0126907728486939
5,2016-02-04,0.0401077008939995,0.158122239843936,0.0561821976250971,0.0448208562977246,0.0365494134245845,0.00346466526281115,0.00243929969105163,0.00142916319785322,0.0468895216370313,0.0168538724690204,0.0107653715512476
5,2016-01-11,0.00314675904437952,0.0234974258610019,0.0561821976250971,0.0448208562977246,0.0365494134245845,0.00346466526281115,0.00243929969105163,0.00142916319785322,0.0044099214748448,0.000793224591940835,0.00111873341614987
5,2016-01-22,0.0104522552347008,0.0274184857909933,0.0561821976250971,0.0448208562977246,0.0365494134245845,0.00346466526281115,0.00243929969105163,0.00142916319785322,0.0138775486016476,0.00334474116858518,0.002736652305004
5,2016-01-31,0.0281795489005405,0.188642129173559,0.0561821976250971,0.0448208562977246,0.0365494134245845,0.00346466526281115,0.00243929969105163,0.00142916319785322,0.0334600715535075,0.0110350627549298,0.00743965801224662
5,2016-01-29,0.0229812050079965,0.121074488626475,0.0561821976250971,0.0448208562977246,0.0365494134245845,0.00346466526281115,0.00243929969105163,0.00142916319785322,0.0278317265362549,0.00864322098544625,0.00605767779371453
5,2016-02-07,0.0497535584821448,0.290486916811348,0.0561821976250971,0.0448208562977246,0.0365494134245845,0.00346466526281115,0.00243929969105163,0.00142916319785322,0.0587402546195344,0.021932439989902,0.0137150994993674
5,2016-02-16,0.0795329647902431,0.420733770720927,0.0561821976250971,0.0448208562977246,0.0365494134245845,0.00346466526281115,0.00243929969105163,0.00142916319785322,0.0986230196543781,0.03949421519295,0.0238557783854694
5,2016-01-25,0.0147878676304707,0.0486866794854669,0.0561821976250971,0.0448208562977246,0.0365494134245845,0.00346466526281115,0.00243929969105163,0.00142916319785322,0.0188422040407876,0.00507841536192823,0.00388691405516287
5,2016-01-23,0.0117468552971884,0.0688204762161724,0.0561821976250971,0.0448208562977246,0.0365494134245845,0.00346466526281115,0.00243929969105163,0.00142916319785322,0.0153823964616562,0.00384709778995052,0.00307863149410649
5,2016-02-01,0.0310006437580624,0.148153257065449,0.0561821976250971,0.0448208562977246,0.0365494134245845,0.00346466526281115,0.00243929969105163,0.00142916319785322,0.0365516733360245,0.0123694827528915,0.00820258588641313
5,2016-02-10,0.0594377924976953,0.401922432339302,0.0561821976250971,0.0448208562977246,0.0365494134245845,0.00346466526281115,0.00243929969105163,0.00142916319785322,0.0719410964981028,0.0274474930974056,0.0170095718517744
5,2016-02-08,0.0529937203580508,0.366885545202513,0.0561821976250971,0.0448208562977246,0.0365494134245845,0.00346466526281115,0.00243929969105163,0.00142916319785322,0.06300854448766,0.0237289982804492,0.0147789824827559
5,2016-02-17,0.0831610974064183,0.452924434487949,0.0561821976250971,0.0448208562977246,0.0365494134245845,0.00346466526281115,0.00243929969105163,0.00142916319785322,0.102557437406983,0.041617497141757,0.0249186117907803
5,2016-01-26,0.0165563722348766,0.0904574095782697,0.0561821976250971,0.0448208562977246,0.0365494134245845,0.00346466526281115,0.00243929969105163,0.00142916319785322,0.0208165727289681,0.00582151512934301,0.00435731990689686
5,2016-01-24,0.0131883773735098,0.046826968563184,0.0561821976250971,0.0448208562977246,0.0365494134245845,0.00346466526281115,0.00243929969105163,0.00142916319785322,0.0170340467798599,0.00442263271826447,0.00346136833086276
5,2016-02-02,0.0339425851029033,0.24539788079424,0.0561821976250971,0.0448208562977246,0.0365494134245845,0.00346466526281115,0.00243929969105163,0.00142916319785322,0.0398230419520123,0.0137881391895959,0.00901194460192806
5,2016-02-11,0.062667591205845,0.343853780620484,0.0561821976250971,0.0448208562977246,0.0365494134245845,0.00346466526281115,0.00243929969105163,0.00142916319785322,0.0765181610389097,0.0293658898166836,0.0181585006730732
5,2016-02-09,0.0562184918289337,0.311102242494207,0.0561821976250971,0.0448208562977246,0.0365494134245845,0.00346466526281115,0.00243929969105163,0.00142916319785322,0.0674221547356494,0.0255680696575931,0.0158798682236521
5,2016-02-18,0.0869115099525472,0.486842430505919,0.0561821976250971,0.0448208562977246,0.0365494134245845,0.00346466526281115,0.00243929969105163,0.00142916319785322,0.106219516785167,0.0437701008876082,0.0259335215309187
5,2016-02-27,0.131174185532534,0.539086277267381,0.0561821976250971,0.0448208562977246,0.0365494134245845,0.00346466526281115,0.00243929969105163,0.00142916319785322,0.152696343350321,0.0712370034518324,0.0389276370563005
5,2016-02-25,0.119073406171135,0.624102772060904,0.0561821976250971,0.0448208562977246,0.0365494134245845,0.00346466526281115,0.00243929969105163,0.00142916319785322,0.136450532673448,0.0629203660284566,0.0345554086531646
5,2016-02-23,0.108477201829351,0.588398184288458,0.0561821976250971,0.0448208562977246,0.0365494134245845,0.00346466526281115,0.00243929969105163,0.00142916319785322,0.124743957109541,0.0561662080140548,0.0313009930227771
5,2016-02-12,0.0659238567948922,0.410252320736594,0.0561821976250971,0.0448208562977246,0.0365494134245845,0.00346466526281115,0.00243929969105163,0.00142916319785322,0.0811061396219601,0.0313218810322241,0.0193170619934986
5,2016-02-21,0.0991469480664594,0.44199088398456,0.0561821976250971,0.0448208562977246,0.0365494134245845,0.00346466526281115,0.00243929969105163,0.00142916319785322,0.116385145071833,0.0506582231477812,0.0288858465848684
5,2016-02-19,0.0908035354360914,0.513372672798389,0.0561821976250971,0.0448208562977246,0.0365494134245845,0.00346466526281115,0.00243929969105163,0.00142916319785322,0.109609660451329,0.0459605797981297,0.0269016950883188
5,2016-02-28,0.137860198092248,0.710250049668043,0.0561821976250971,0.0448208562977246,0.0365494134245845,0.00346466526281115,0.00243929969105163,0.00142916319785322,0.162849033873684,0.0760707597288164,0.0416098407078234
5,2016-02-26,0.124921442525051,0.417142652308467,0.0561821976250971,0.0448208562977246,0.0365494134245845,0.00346466526281115,0.00243929969105163,0.00142916319785322,0.14394051921925,0.0668654732566364,0.0365864143261042
5,2016-02-24,0.113601513572123,0.607933690178795,0.0561821976250971,0.0448208562977246,0.0365494134245845,0.00346466526281115,0.00243929969105163,0.00142916319785322,0.130095354905887,0.0593658786525201,0.0328038561734121
5,2016-02-13,0.0692225581063462,0.426970689246919,0.0561821976250971,0.0448208562977246,0.0365494134245845,0.00346466526281115,0.00243929969105163,0.00142916319785322,0.085657823511143,0.0333140879608241,0.0204756631190007
5,2016-02-22,0.103670642887728,0.559632835152128,0.0561821976250971,0.0448208562977246,0.0365494134245845,0.00346466526281115,0.00243929969105163,0.00142916319785322,0.120247405336065,0.0532818158304545,0.0300120012537259
5,2016-02-20,0.0948699635283213,0.355484081558464,0.0561821976250971,0.0448208562977246,0.0365494134245845,0.00346466526281115,0.00243929969105163,0.00142916319785322,0.112918716661903,0.0482372158442633,0.0278674406513508
5,2016-02-29,0.145008043102857,0.660578734103172,0.0561821976250971,0.0448208562977246,0.0365494134245845,0.00346466526281115,0.00243929969105163,0.00142916319785322,0.174529619596367,0.0814025452023614,0.0446637891447423
5,2016-02-15,0.0760111432625123,0.447572681226287,0.0561821976250971,0.0448208562977246,0.0365494134245845,0.00346466526281115,0.00243929969105163,0.00142916319785322,0.0944634722634625,0.0374016338243902,0.022754614009036
5,2016-02-14,0.0725796639817165,0.407527574547925,0.0561821976250971,0.0448208562977246,0.0365494134245845,0.00346466526281115,0.00243929969105163,0.00142916319785322,0.0901260039703474,0.0353411318192805,0.0216247113555298
6,2016-01-12,0.00326702385448096,0.0174605986702659,0.0620966678677984,0.0546335644156096,0.0382110612196487,0.00335427772978893,0.00471577193439322,0.00232244387930159,0.00409227626508806,0.000712909192081244,0.00125444820594328
6,2016-01-10,0.00278345596072395,0.01694656132198,0.0620966678677984,0.0546335644156096,0.0382110612196487,0.00335427772978893,0.00471577193439322,0.00232244387930159,0.00360284207155768,0.000535043082391821,0.00125768339291382
6,2016-01-14,0.00415657786004163,0.02304242605503,0.0620966678677984,0.0546335644156096,0.0382110612196487,0.00335427772978893,0.00471577193439322,0.00232244387930159,0.00509484019753789,0.00108209511971022,0.00143471465009787
6,2016-01-17,0.00620466407336403,0.0368946906305885,0.0620966678677984,0.0546335644156096,0.0382110612196487,0.00335427772978893,0.00471577193439322,0.00232244387930159,0.00753566007084552,0.00200066537122691,0.00201479508929296
6,2016-01-15,0.00474681840408399,0.022009365975153,0.0620966678677984,0.0546335644156096,0.0382110612196487,0.00335427772978893,0.00471577193439322,0.00232244387930159,0.00578495377502316,0.00133929968688583,0.0015887488716476
6,2016-01-13,0.00366240884341871,0.0247755320074805,0.0620966678677984,0.0546335644156096,0.0382110612196487,0.00335427772978893,0.00471577193439322,0.00232244387930159,0.00453013542211494,0.000873413844326529,0.00132262614656983
6,2016-01-08,0.00272757418089654,0.0150393440224816,0.0620966678677984,0.0546335644156096,0.0382110612196487,0.00335427772978893,0.00471577193439322,0.00232244387930159,0.00363803214761694,0.000545723441413801,0.00146013897004785
6,2016-01-11,0.00297313539349412,0.0211316665593621,0.0620966678677984,0.0546335644156096,0.0382110612196487,0.00335427772978893,0.00471577193439322,0.00232244387930159,0.00378269954279105,0.000600234494320848,0.00123214567309801
6,2016-01-09,0.00270069805643617,0.0112454645961605,0.0620966678677984,0.0546335644156096,0.0382110612196487,0.00335427772978893,0.00471577193439322,0.00232244387930159,0.00355414066772172,0.000516988287640644,0.0013330262102705
6,2016-01-18,0.00706684419807022,0.0495389343754024,0.0620966678677984,0.0546335644156096,0.0382110612196487,0.00335427772978893,0.00471577193439322,0.00232244387930159,0.00859337915651508,0.00240551982569942,0.00228287739562898
6,2016-01-16,0.00543041797528003,0.0270926865863651,0.0620966678677984,0.0546335644156096,0.0382110612196487,0.00335427772978893,0.00471577193439322,0.00232244387930159,0.00659903933823699,0.00164537421450689,0.00178276396633923
6,2016-01-27,0.0176718935090441,0.0624859987464374,0.0620966678677984,0.0546335644156096,0.0382110612196487,0.00335427772978893,0.00471577193439322,0.00232244387930159,0.021711342285533,0.00779660898391555,0.00589525741318119
6,2016-02-05,0.0313227082913754,0.144146030681508,0.0620966678677984,0.0546335644156096,0.0382110612196487,0.00335427772978893,0.00471577193439322,0.00232244387930159,0.0389059370427285,0.0159540714432987,0.0105575254220997
6,2016-02-03,0.0277641652260844,0.169257311449249,0.0620966678677984,0.0546335644156096,0.0382110612196487,0.00335427772978893,0.00471577193439322,0.00232244387930159,0.033903836640493,0.013593949823683,0.00945025099064723
6,2016-01-23,0.0124879561777626,0.0691333154558872,0.0620966678677984,0.0546335644156096,0.0382110612196487,0.00335427772978893,0.00471577193439322,0.00232244387930159,0.0153714363717362,0.00509275671298213,0.00407840360476294
6,2016-01-19,0.00801333495686191,0.0565519985160301,0.0620966678677984,0.0546335644156096,0.0382110612196487,0.00335427772978893,0.00471577193439322,0.00232244387930159,0.00976854597941298,0.002859543300544,0.00258491097244762
6,2016-01-30,0.0217433702882968,0.117642321910609,0.0620966678677984,0.0546335644156096,0.0382110612196487,0.00335427772978893,0.00471577193439322,0.00232244387930159,0.0264631493760805,0.0100022906868002,0.00736813214473475
6,2016-01-28,0.0190173745799249,0.11802528190486,0.0620966678677984,0.0546335644156096,0.0382110612196487,0.00335427772978893,0.00471577193439322,0.00232244387930159,0.0233010803392598,0.00851536681666371,0.00637918165155776
6,2016-02-06,0.033296710187218,0.156838071665858,0.0620966678677984,0.0546335644156096,0.0382110612196487,0.00335427772978893,0.00471577193439322,0.00232244387930159,0.0418856881620569,0.0173310710305903,0.0111308020946695
6,2016-02-04,0.0294840213009117,0.109769044618924,0.0620966678677984,0.0546335644156096,0.0382110612196487,0.00335427772978893,0.00471577193439322,0.00232244387930159,0.036260392414179,0.0147136849233477,0.00999763559739896
6,2016-01-24,0.0137378867599636,0.0459345045197305,0.0620966678677984,0.0546335644156096,0.0382110612196487,0.00335427772978893,0.00471577193439322,0.00232244387930159,0.0169241166783648,0.00573484490660658,0.00450924007910589
6,2016-01-22,0.0112823578524604,0.0276425313612361,0.0620966678677984,0.0546335644156096,0.0382110612196487,0.00335427772978893,0.00471577193439322,0.00232244387930159,0.0138648195351997,0.00448008344801367,0.00366777720392642
6,2016-01-31,0.0231527425979999,0.147773134275118,0.0620966678677984,0.0546335644156096,0.0382110612196487,0.00335427772978893,0.00471577193439322,0.00232244387930159,0.0281159260894644,0.0107990365758632,0.00787431217888835
6,2016-01-29,0.0203704089455192,0.101687559347499,0.0620966678677984,0.0546335644156096,0.0382110612196487,0.00335427772978893,0.00471577193439322,0.00232244387930159,0.0248732733379841,0.00924638798275185,0.00687004917893119
6,2016-02-07,0.0354225109781814,0.199306436932276,0.0620966678677984,0.0546335644156096,0.0382110612196487,0.00335427772978893,0.00471577193439322,0.00232244387930159,0.0452448634080793,0.0188606453322769,0.0117183472450278
6,2016-02-16,0.0576405282987023,0.310570638785429,0.0620966678677984,0.0546335644156096,0.0382110612196487,0.00335427772978893,0.00471577193439322,0.00232244387930159,0.083478844209194,0.0361858264663508,0.0172788526908558
6,2016-01-25,0.0150239717451719,0.0464156843924725,0.0620966678677984,0.0546335644156096,0.0382110612196487,0.00335427772978893,0.00471577193439322,0.00232244387930159,0.0185081408417585,0.00640224902133698,0.00495751137395607
6,2016-02-23,0.0655767584075356,0.380042759372782,0.0620966678677984,0.0546335644156096,0.0382110612196487,0.00335427772978893,0.00471577193439322,0.00232244387930159,0.0896266888985032,0.0421424933703208,0.0209098999273718
6,2016-02-01,0.0246150098643707,0.111574736223741,0.0620966678677984,0.0546335644156096,0.0382110612196487,0.00335427772978893,0.00471577193439322,0.00232244387930159,0.0298768211140509,0.0116525872969951,0.00838947091131173
6,2016-02-10,0.0427745310194373,0.285474132671636,0.0620966678677984,0.0546335644156096,0.0382110612196487,0.00335427772978893,0.00471577193439322,0.00232244387930159,0.0577927728898329,0.0244316123459241,0.0135673637472732
6,2016-02-08,0.037716594654008,0.255092623920662,0.0620966678677984,0.0546335644156096,0.0382110612196487,0.00335427772978893,0.00471577193439322,0.00232244387930159,0.049028680416711,0.0205587559954128,0.0123210425030948
6,2016-02-17,0.0594508893326063,0.329862022057833,0.0620966678677984,0.0546335644156096,0.0382110612196487,0.00335427772978893,0.00471577193439322,0.00232244387930159,0.0861118293835261,0.0376012784141411,0.017839321401818
6,2016-01-26,0.0163380332794959,0.084709402544421,0.0620966678677984,0.0546335644156096,0.0382110612196487,0.00335427772978893,0.00471577193439322,0.00232244387930159,0.0201087892485902,0.00709087004962331,0.00542044223631425
6,2016-02-24,0.06708092910656,0.387007551140202,0.0620966678677984,0.0546335644156096,0.0382110612196487,0.00335427772978893,0.00471577193439322,0.00232244387930159,0.0911349481329133,0.0433820392276256,0.0215306254066009
6,2016-02-02,0.0261466560771515,0.181694325862867,0.0620966678677984,0.0546335644156096,0.0382110612196487,0.00335427772978893,0.00471577193439322,0.00232244387930159,0.0317910520857554,0.0125789044972502,0.00891448997192475
6,2016-02-11,0.0454324552388239,0.245700812386611,0.0620966678677984,0.0546335644156096,0.0382110612196487,0.00335427772978893,0.00471577193439322,0.00232244387930159,0.0625082697346622,0.0265106529359605,0.0142016895854289
6,2016-02-09,0.0401828182544672,0.215517068429,0.0620966678677984,0.0546335644156096,0.0382110612196487,0.00335427772978893,0.00471577193439322,0.00232244387930159,0.0532500646519135,0.0224297620860116,0.0129387637344451
6,2016-02-18,0.0609125178502661,0.350892025400778,0.0620966678677984,0.0546335644156096,0.0382110612196487,0.00335427772978893,0.00471577193439322,0.00232244387930159,0.0878778553941153,0.0387183438177257,0.0183694452450549
6,2016-02-27,0.0748834224570341,0.326731480840639,0.0620966678677984,0.0546335644156096,0.0382110612196487,0.00335427772978893,0.00471577193439322,0.00232244387930159,0.102971622927956,0.0501350897497359,0.0238875570268964
6,2016-02-25,0.0690798717545302,0.394848779808676,0.0620966678677984,0.0546335644156096,0.0382110612196487,0.00335427772978893,0.00471577193439322,0.00232244387930159,0.0937388241181101,0.0450793830348746,0.0222267561091783
6,2016-02-14,0.0532107195225395,0.297862857728249,0.0620966678677984,0.0546335644156096,0.0382110612196487,0.00335427772978893,0.00471577193439322,0.00232244387930159,0.0762061379525336,0.0326743782949126,0.016087492490357
6,2016-02-12,0.0480973132025328,0.297629893524543,0.0620966678677984,0.0546335644156096,0.0382110612196487,0.00335427772978893,0.00471577193439322,0.00232244387930159,0.0672480197905937,0.0286132300169306,0.0148365882927617
6,2016-02-21,0.0636191812070791,0.294478982768411,0.0620966678677984,0.0546335644156096,0.0382110612196487,0.00335427772978893,0.00471577193439322,0.00232244387930159,0.0888911397136965,0.0406482634663371,0.0198396961875212
6,2016-02-19,0.0620034305861149,0.364079085099483,0.0620966678677984,0.0546335644156096,0.0382110612196487,0.00335427772978893,0.00471577193439322,0.00232244387930159,0.0887173614832422,0.0395169088784696,0.0188682741599942
6,2016-02-28,0.0788487052914311,0.445670703227671,0.0620966678677984,0.0546335644156096,0.0382110612196487,0.00335427772978893,0.00471577193439322,0.00232244387930159,0.109969644046153,0.0536372652826123,0.0248733891632962
6,2016-02-26,0.0716539237413777,0.248665195984127,0.0620966678677984,0.0546335644156096,0.0382110612196487,0.00335427772978893,0.00471577193439322,0.00232244387930159,0.0976228660008664,0.0473064311047005,0.0230088729957336
6,2016-02-15,0.0555407124586486,0.331225804321266,0.0620966678677984,0.0546335644156096,0.0382110612196487,0.00335427772978893,0.00471577193439322,0.00232244387930159,0.0801274352669278,0.0345256418135447,0.0166931920683187
6,2016-02-13,0.0507098272004694,0.312368605494797,0.0620966678677984,0.0546335644156096,0.0382110612196487,0.00335427772978893,0.00471577193439322,0.00232244387930159,0.0718634876618197,0.0306856897496446,0.0154669069131212
6,2016-02-22,0.0644729970063355,0.366845227972318,0.0620966678677984,0.0546335644156096,0.0382110612196487,0.00335427772978893,0.00471577193439322,0.00232244387930159,0.0889960367204495,0.0412762258017437,0.0203524181347466
6,2016-02-20,0.0628508220526957,0.237946578081901,0.0620966678677984,0.0546335644156096,0.0382110612196487,0.00335427772978893,0.00471577193439322,0.00232244387930159,0.0889266854455315,0.0401110199599596,0.0193516696683767
6,2016-02-29,0.0836301096345002,0.408889598967208,0.0620966678677984,0.0546335644156096,0.0382110612196487,0.00335427772978893,0.00471577193439322,0.00232244387930159,0.11880147850223,0.0578848640159628,0.0259769503655627
1,2016-01-20,0.00346973705561024,0.0254047419767541,0.0381611526969339,0.0326542507901556,0.03406477981986,0.00327519269774799,0.00295639852079303,0.002462154764458,0.00432100760916229,0.000822441705253191,0.00197606780016774
1,2016-01-21,0.00367369276432183,0.0269359897248153,0.0381611526969339,0.0326542507901556,0.03406477981986,0.00327519269774799,0.00295639852079303,0.002462154764458,0.00453178619254171,0.000872850446004374,0.00209432731099744
2,2016-01-20,0.00411034947081491,0.0353728044608527,0.0388774334022668,0.0318891861111445,0.0368588875659481,0.00257765644980862,0.00209733104362728,0.00270497958067507,0.00309594094694063,0.00100745198781385,0.00158452849236583
2,2016-01-21,0.00422824476238561,0.0364529464103283,0.0388774334022668,0.0318891861111445,0.0368588875659481,0.00257765644980862,0.00209733104362728,0.00270497958067507,0.00318928653232675,0.00102026062298854,0.00165202778642599
3,2016-01-20,0.00714611137393643,0.0627173699795872,0.0358283559979859,0.0276805287671223,0.0272615188029908,0.00259962643070579,0.000989692186057028,0.00379683077081977,0.00444478010873378,0.000857673392473507,0.00184488961033197
3,2016-01-21,0.00766993573022107,0.0675211683790154,0.0358283559979859,0.0276805287671223,0.0272615188029908,0.00259962643070579,0.000989692186057028,0.00379683077081977,0.00474107804523013,0.000929447427762161,0.00198231247500275
4,2016-01-21,0.00804695983685018,0.0715335637493283,0.042680592212374,0.0337709403194399,0.0390158592452212,0.0033129625071765,0.00256802456673841,0.00669974444005283,0.00624892628536697,0.00141687690254989,0.00164736413934437
4,2016-01-20,0.00730749530820231,0.0647999414789488,0.042680592212374,0.0337709403194399,0.0390158592452212,0.0033129625071765,0.00256802456673841,0.00669974444005283,0.00566598380064616,0.00127951471416049,0.00149868043106128
5,2016-01-20,0.0065221517869785,0.047880295287573,0.0561821976250971,0.0448208562977246,0.0365494134245845,0.00346466526281115,0.00243929969105163,0.00142916319785322,0.00913209205298391,0.00192570958458638,0.00173528722733086
5,2016-01-21,0.00733952546218603,0.0535921741519217,0.0561821976250971,0.0448208562977246,0.0365494134245845,0.00346466526281115,0.00243929969105163,0.00142916319785322,0.0101467749255021,0.00220604706216909,0.00193474822471873
6,2016-01-20,0.00706684419807022,0.0495389343754024,0.0620966678677984,0.0546335644156096,0.0382110612196487,0.00335427772978893,0.00471577193439322,0.00232244387930159,0.00859337915651508,0.00240551982569942,0.00228287739562898
6,2016-01-21,0.00801333495686191,0.0565519985160301,0.0620966678677984,0.0546335644156096,0.0382110612196487,0.00335427772978893,0.00471577193439322,0.00232244387930159,0.00976854597941298,0.002859543300544,0.00258491097244762
