"Date","Room","Prov","Pot","W_treatment","Code","Height","D1","D2","D","Stemmass","Rootmass","Leafmass","Leafarea"
2016-01-08,1,"B",1,"d","B-01",12.8,0.8,0.83,0.815,0.0253285191673232,0.328713020633627,0.259919999836553,50.1801304789377
2016-01-08,1,"B",2,"d","B-02",13.2,0.73,0.7,0.715,0.0208998973595829,0.480867821676811,0.298371155691523,53.6642814767363
2016-01-08,1,"B",3,"d","B-03",13.7,1.22,1.27,1.245,0.0582996898504628,0.192658379934909,0.264498669653504,59.1084586311127
2016-01-08,1,"B",4,"d","B-04",13,0.89,0.92,0.905,0.0310746736137692,0.286494736131113,0.260110387114917,52.0996674379885
2016-01-08,1,"B",5,"d","B-05",13,0.81,0.88,0.845,0.0275310817832972,0.327007859885209,0.267400116006025,52.0219044020489
2016-01-08,1,"B",6,"d","B-06",7.2,0.55,0.53,0.54,0.00592234775812984,0.0663756879573467,0.0623528766100541,13.4395347159841
2016-01-08,1,"B",7,"d","B-07",9.8,0.95,0.98,0.965,0.024356895566754,0.078138354729323,0.115896664419863,27.4388794575689
2016-01-08,1,"B",8,"d","B-08",14,1.06,1.1,1.08,0.0466192736265433,0.27731540296883,0.297409906597905,61.9011907599505
2016-01-08,1,"B",9,"d","B-09",13,1.12,1.15,1.135,0.0463438029808155,0.185137238699964,0.237427541207248,52.357200676074
2016-01-08,1,"B",10,"d","B-10",12.7,1.03,1.05,1.04,0.0385638775621603,0.198842221853296,0.230540068195337,49.555391739241
2016-01-08,1,"B",11,"d","B-11",14.7,1.19,1.2,1.195,0.0592774954601966,0.279506718577159,0.32683680272518,69.3175475747611
2016-01-08,1,"B",12,"d","B-12",11.5,0.92,0.99,0.955,0.0292670882682831,0.155091124099702,0.181254637977123,39.4689907057893
2016-01-08,1,"B",13,"d","B-13",15.4,0.83,0.88,0.855,0.0348152310714053,0.64682386421624,0.425469408622763,76.4931162554984
2016-01-08,1,"B",14,"d","B-14",12,1.11,1.02,1.065,0.0374361423120654,0.150033844363548,0.195164198645851,43.5833610763718
2016-01-08,1,"B",15,"d","B-15",11.9,0.61,0.59,0.6,0.0134542807390133,0.438075283825136,0.240294402047042,42.2308366066457
2016-01-18,1,"B",1,"d","B-01",13.2,0.94,0.98,0.96,0.0351564893109911,0.272456216104475,0.264969833920558,54.0096922715537
2016-01-18,1,"B",2,"d","B-02",14.6,0.91,0.97,0.94,0.0384733290172115,0.431563598121739,0.353282446623685,67.8940607503907
2016-01-18,1,"B",3,"d","B-03",14.8,1.58,1.64,1.61,0.101182339593059,0.161820506341963,0.295340667018463,70.8529596410304
2016-01-18,1,"B",4,"d","B-04",14.7,0.93,0.98,0.955,0.0399061035606207,0.430645867654805,0.357735121061358,68.9799889765803
2016-01-18,1,"B",5,"d","B-05",14.1,1.02,0.98,1,0.0410653812529759,0.331342333485637,0.312883848985993,62.8059431757667
2016-01-18,1,"B",6,"d","B-06",8,0.6,0.58,0.59,0.00790979092178921,0.0867376069616821,0.0805529909939552,17.1111951709845
2016-01-18,1,"B",7,"d","B-07",12,1.3,1.34,1.32,0.0546806979133804,0.0991845259485424,0.178993690151944,43.787549028628
2016-01-18,1,"B",8,"d","B-08",16,1.8,1.84,1.82,0.138626737068791,0.176693417276093,0.348848220225279,84.8233960038524
2016-01-18,1,"B",9,"d","B-09",14.2,1.22,1.27,1.245,0.0609997784138286,0.223639909988244,0.292103631406598,64.1287622924536
2016-01-18,1,"B",10,"d","B-10",14.5,1.49,1.43,1.46,0.082967156065381,0.179443620766732,0.290272850590248,67.4850638352967
2016-01-18,1,"B",11,"d","B-11",16.8,1.79,1.81,1.8,0.144590190934206,0.221115816014046,0.401099233081401,94.7542032843581
2016-01-18,1,"B",12,"d","B-12",12,1.31,1.24,1.275,0.0514335154100623,0.106044524788978,0.181512812006649,43.7544904299124
2016-01-18,1,"B",13,"d","B-13",17,1,1.08,1.04,0.0557356223267334,0.668879952078142,0.516985233388092,96.1831880357909
2016-01-18,1,"B",14,"d","B-14",15,1.5,1.49,1.495,0.0902943821797031,0.19739646297148,0.315817094268953,72.9313675566072
2016-01-18,1,"B",15,"d","B-15",12.5,0.73,0.76,0.745,0.0209779384487048,0.354134074456709,0.252365264876304,47.4524958950338
2016-01-28,1,"B",1,"d","B-01",15,1.44,1.47,1.455,0.0860739934265054,0.207993062337707,0.319287096087872,72.8883119381831
2016-01-28,1,"B",2,"d","B-02",16.4,1.3,1.3,1.3,0.0789717966648859,0.374610503627215,0.427773520657806,89.067917771268
2016-01-28,1,"B",3,"d","B-03",17.5,2,2.01,2.005,0.184164994757174,0.212841001274595,0.430007645827021,104.216395974778
2016-01-28,1,"B",4,"d","B-04",17.1,1.6,1.62,1.61,0.121433327891189,0.295125291338383,0.44061586872655,98.4066540109756
2016-01-28,1,"B",5,"d","B-05",16.2,1.24,1.22,1.23,0.0705202290743438,0.396059279705351,0.422806659277306,86.5126055554807
2016-01-28,1,"B",6,"d","B-06",9.8,0.91,0.93,0.92,0.0223880511232435,0.0856745740077979,0.118148278715972,27.4103624872279
2016-01-28,1,"B",7,"d","B-07",16,1.8,1.77,1.785,0.133956032737671,0.183434202118956,0.351588326813092,84.7875385561583
2016-01-28,1,"B",8,"d","B-08",20,2.11,2.09,2.1,0.236557214510015,0.339262271929268,0.610911819505942,141.33682431338
2016-01-28,1,"B",9,"d","B-09",18,1.82,1.85,1.835,0.163208991599172,0.283883414336339,0.481794913653717,110.897308366438
2016-01-28,1,"B",10,"d","B-10",17.2,1.77,1.77,1.77,0.144597992257465,0.25188644555754,0.431016479821411,99.9261846438075
2016-01-28,1,"B",11,"d","B-11",21.4,2.61,2.54,2.575,0.369278844812531,0.303405159556483,0.67869062683752,165.579401514715
2016-01-28,1,"B",12,"d","B-12",15.4,1.64,1.6,1.62,0.107559587927757,0.188645086047454,0.328879563910611,77.565010451291
2016-01-28,1,"B",13,"d","B-13",17.5,1.8,1.76,1.78,0.149267544587412,0.267748433394264,0.451133569745976,103.946633555793
2016-01-28,1,"B",14,"d","B-14",20,2.14,2.17,2.155,0.247601816373221,0.322765389628334,0.604580995571387,141.416411654934
2016-01-28,1,"B",15,"d","B-15",15.2,1.32,1.35,1.335,0.0751895608379182,0.259450099901197,0.342905088892799,74.9765569965853
2016-02-08,1,"B",1,"d","B-01",17,2.09,2.07,2.08,0.189433746077815,0.175765594435595,0.391007926135542,97.6458880256903
2016-02-08,1,"B",2,"d","B-02",19.4,2.05,2.07,2.06,0.220032777618634,0.310177317839278,0.565860497897626,131.822822804725
2016-02-08,1,"B",3,"d","B-03",21.2,3.15,3.22,3.185,0.531095224872045,0.193657252671228,0.606981551059063,162.833245054809
2016-02-08,1,"B",4,"d","B-04",23.4,2.36,2.47,2.415,0.369136982461431,0.497914954228114,0.891981882665952,202.600650845968
2016-02-08,1,"B",5,"d","B-05",19.2,2.23,2.22,2.225,0.248808856505979,0.256075880753291,0.533043518990555,128.968752226796
2016-02-08,1,"B",7,"d","B-07",22.7,2.97,3.35,3.16,0.570992181689426,0.261301394406862,0.735830927302569,190.189970305967
2016-02-08,1,"B",8,"d","B-08",24.8,3.15,3.11,3.13,0.6278410687349,0.384573543854957,0.943765033283127,232.532095841734
2016-02-08,1,"B",9,"d","B-09",24.8,2.94,3.02,2.98,0.575711900546959,0.422767844620726,0.962625808821317,232.28357251954
2016-02-08,1,"B",10,"d","B-10",22.7,2.92,2.69,2.805,0.462682253831753,0.328797687337233,0.772024560462983,189.697097549582
2016-02-08,1,"B",11,"d","B-11",28.1,3.52,3.51,3.515,0.902186999108938,0.517055869775093,1.27296693580321,309.715036469895
2016-02-08,1,"B",12,"d","B-12",20.9,2.36,2.29,2.325,0.299295638905492,0.334834205414164,0.662381947781224,156.563623661823
2016-02-08,1,"B",13,"d","B-13",20.3,2.23,2.27,2.25,0.272262929479039,0.315981855167055,0.619173944307797,146.424050361791
2016-02-08,1,"B",14,"d","B-14",25.2,3.54,3.67,3.605,0.82210912773402,0.313023350456981,0.931931981998376,241.892084176144
2016-02-08,1,"B",15,"d","B-15",18.5,2.09,2.16,2.125,0.218899604444867,0.239759958962286,0.489937201646013,118.404710233784
2016-02-29,1,"B",13,"d","B-13",35,3.49,3.35,3.42,1.13431972862357,1.35888190360085,2.36432273926296,509.998153953289
2016-02-29,1,"B",4,"d","B-04",50,4.32,4.56,4.44,2.821324897627,3.62247713482165,5.71503011379178,1154.26315304665
2016-02-29,1,"B",2,"d","B-02",38,3.46,3.47,3.465,1.28784704463053,1.86556809129797,2.9534531863905,615.055349908631
2016-02-29,1,"B",9,"d","B-09",46,4.39,4.33,4.36,2.45912086805577,2.65209729479991,4.56997768662149,954.512299121566
2016-02-29,1,"B",1,"d","B-01",26.5,3.54,3.46,3.5,0.831499551390845,0.408511169680477,1.084064718086,271.032495304833
2016-02-29,1,"B",7,"d","B-07",42.5,5.11,4.82,4.965,2.79883441823447,1.48527997341895,3.48332922197886,799.559545090037
2016-02-29,1,"B",3,"d","B-03",36.2,4.9,4.96,4.93,2.25708844415612,0.772439073669575,2.24005859822468,555.036296815388
2016-02-29,1,"B",14,"d","B-14",46,4.78,4.79,4.785,2.8978688632638,2.21668099418411,4.40187527463627,956.447467151637
2016-01-08,1,"B",1,"w","B-01",12,0.82,0.9,0.86,0.0163388899879619,0.0913598020677234,0.239614992635245,28.0803769528164
2016-01-08,1,"B",2,"w","B-02",11.8,0.79,0.78,0.785,0.0134901881401885,0.0831341542061623,0.232355659210864,25.4156151759229
2016-01-08,1,"B",3,"w","B-03",11.8,0.74,0.85,0.795,0.0138110222254496,0.0841201559037502,0.232427403590882,25.6949036159075
2016-01-08,1,"B",4,"w","B-04",17.3,0.99,0.97,0.98,0.033725032069001,0.126484657484058,0.447355602698248,49.5648871022364
2016-01-08,1,"B",5,"w","B-05",11.8,0.88,0.71,0.795,0.0138110222254496,0.0841201559037502,0.232427403590882,25.6949036159075
2016-01-08,1,"B",6,"w","B-06",13.1,0.95,0.99,0.97,0.0229345609030304,0.107312540152912,0.278911521143308,34.7502659523877
2016-01-08,1,"B",7,"w","B-07",11.8,0.9,0.87,0.885,0.0168542468872829,0.0929572202653548,0.233036131910536,28.1876947394617
2016-01-08,1,"B",8,"w","B-08",12.5,1.01,1.04,1.025,0.0238851187719932,0.110058831051211,0.257915113808872,34.3785065907727
2016-01-08,1,"B",9,"w","B-09",15.2,1.32,1.38,1.35,0.0515431399204795,0.158605951764072,0.36192006301719,55.6289882530202
2016-01-08,1,"B",10,"w","B-10",13,0.89,0.91,0.9,0.0197561813284241,0.0996548819586073,0.274803462688034,32.2648645550385
2016-01-08,1,"B",11,"w","B-11",14.3,1.22,1.14,1.18,0.0370422487218905,0.135243848883529,0.325219665748884,45.9020816624631
2016-01-08,1,"B",12,"w","B-12",14.2,0.82,0.88,0.85,0.019959602615361,0.0992486109612658,0.318806575534072,34.2798675616029
2016-01-08,1,"B",13,"w","B-13",11,0.98,0.89,0.935,0.017015360758469,0.0940894577350405,0.207125688378911,27.0835888669136
2016-01-08,1,"B",14,"w","B-14",14.3,1.1,1.03,1.065,0.0306202462465731,0.122924399008897,0.324407369329926,42.0130611257793
2016-01-08,1,"B",15,"w","B-15",12.7,0.83,0.79,0.81,0.0157534146890787,0.0891729341565731,0.26344439222247,28.6153966361692
2016-01-18,1,"B",1,"w","B-01",13.6,1.14,1.19,1.165,0.0338571429137062,0.129959289335869,0.298558456603327,42.6478337274003
2016-01-18,1,"B",2,"w","B-02",13.2,0.81,0.84,0.825,0.0171504720693316,0.0926812899092335,0.281422896354281,30.5041982470871
2016-01-18,1,"B",3,"w","B-03",12.4,0.97,0.96,0.965,0.0211294024329211,0.103581510191465,0.254047338262834,32.3092212861186
2016-01-18,1,"B",4,"w","B-04",18.3,1.29,1.23,1.26,0.0579137650473981,0.164925065969224,0.495170632019232,66.0376802629186
2016-01-18,1,"B",5,"w","B-05",13.8,1.04,1.08,1.06,0.0289627833941669,0.119985615802016,0.305347723584652,40.02904179727
2016-01-18,1,"B",6,"w","B-06",15,1.12,1.14,1.13,0.0364032011983104,0.133400672202801,0.352339183191855,46.9287635054384
2016-01-18,1,"B",7,"w","B-07",13.2,0.94,1.02,0.98,0.0236110055861129,0.108802307218827,0.282607071263236,35.3928734727279
2016-01-18,1,"B",8,"w","B-08",13.8,1.38,1.33,1.355,0.0456919209000146,0.150817672290375,0.307181699440549,49.4811266996388
2016-01-18,1,"B",9,"w","B-09",17.8,1.65,1.69,1.67,0.0942102701521052,0.211128572072093,0.475674353491734,81.3659450206484
2016-01-18,1,"B",10,"w","B-10",14.7,1.15,1.17,1.16,0.0372138498660567,0.135167648603612,0.340674945190483,46.81014188639
2016-01-18,1,"B",11,"w","B-11",16.2,1.37,1.4,1.385,0.0587874318975708,0.16829794031718,0.403524904093072,61.567373146891
2016-01-18,1,"B",12,"w","B-12",15.7,1.04,1.09,1.065,0.0346317809778602,0.129485425772175,0.380161784412863,47.194121501262
2016-01-18,1,"B",13,"w","B-13",11.5,0.98,0.94,0.96,0.0189480877436386,0.0988468036553712,0.223508451791734,29.2843743273654
2016-01-18,1,"B",14,"w","B-14",16,1.27,1.21,1.24,0.0470970675370401,0.150778626843106,0.394038029618006,55.1020075866972
2016-01-18,1,"B",15,"w","B-15",13.5,0.81,0.88,0.845,0.0184695534652153,0.0959655166757125,0.292540175263118,32.0252495931496
2016-01-28,1,"B",1,"w","B-01",16.8,1.49,1.52,1.505,0.0719629877537652,0.185560113392532,0.430099958806003,69.2104242048144
2016-01-28,1,"B",2,"w","B-02",13.7,1.24,1.26,1.25,0.0389612738307249,0.139336852963151,0.302815287990159,45.7365870303436
2016-01-28,1,"B",3,"w","B-03",15.5,1.35,1.39,1.37,0.0543523128676661,0.162552619043139,0.374266872581008,57.7275916053743
2016-01-28,1,"B",4,"w","B-04",21,1.73,1.69,1.71,0.122411721531455,0.236643406272376,0.630197870101126,102.026098263635
2016-01-28,1,"B",5,"w","B-05",18.3,1.62,1.55,1.585,0.0886809096705165,0.204227003953207,0.497949645187629,80.5071444231147
2016-01-28,1,"B",6,"w","B-06",17.2,1.61,1.66,1.635,0.0865744232979916,0.203089942961136,0.44853802188191,76.5526233987393
2016-01-28,1,"B",7,"w","B-07",14.8,1.5,1.56,1.53,0.0627823304785582,0.175591167295929,0.346954196546323,59.9531645454511
2016-01-28,1,"B",8,"w","B-08",17,2.18,2.02,2.1,0.135685551312663,0.254747477135546,0.442410299030704,93.6452529516646
2016-01-28,1,"B",9,"w","B-09",22,2.43,2.43,2.43,0.24993228877154,0.336891411330165,0.687867211933346,146.428249231412
2016-01-28,1,"B",10,"w","B-10",18,1.71,1.62,1.665,0.0950771663488207,0.211853461768001,0.484749772169262,82.292442204886
2016-01-28,1,"B",11,"w","B-11",18.3,2.46,2.35,2.405,0.19234192559181,0.301151082011973,0.503039255446049,115.392865963681
2016-01-28,1,"B",12,"w","B-12",16.8,1.54,1.48,1.51,0.0724075475259616,0.186134263426676,0.430134751570133,69.4088987631415
2016-01-28,1,"B",13,"w","B-13",13.8,1.18,1.1,1.14,0.0331523207727501,0.128399066098148,0.305890046298153,42.6242641174782
2016-01-28,1,"B",14,"w","B-14",19.2,1.83,1.85,1.84,0.124627254746199,0.241028206289099,0.542212402041409,97.2143728443237
2016-01-28,1,"B",15,"w","B-15",15.6,1.35,1.45,1.4,0.0570646657867368,0.166460570269171,0.378576122627493,59.2901952039494
2016-02-08,1,"B",1,"w","B-01",20.9,2.62,2.84,2.73,0.28995751294887,0.364903917189805,0.632283568287781,151.893334287148
2016-02-08,1,"B",2,"w","B-02",17.4,2.3,2.36,2.33,0.169690395514547,0.28429893437709,0.461398936457244,105.446184648856
2016-02-08,1,"B",3,"w","B-03",21.8,2.31,2.47,2.39,0.239447306309045,0.33004082793273,0.677008542614795,142.712913094364
2016-02-08,1,"B",4,"w","B-04",23.1,2.58,2.55,2.565,0.294680748117248,0.364047356812441,0.748267861777863,163.03448079074
2016-02-08,1,"B",5,"w","B-05",21.6,2.49,2.72,2.605,0.27758586133658,0.355782343258161,0.667897469023375,151.977148643171
2016-02-08,1,"B",6,"w","B-06",22.3,2.44,2.67,2.555,0.279270914242562,0.355677063119305,0.704731946057576,155.509424254418
2016-02-08,1,"B",7,"w","B-07",17.3,2.46,2.13,2.295,0.163739177160907,0.279421018803724,0.456736680389513,103.333036287312
2016-02-08,1,"B",8,"w","B-08",20.3,3,3.48,3.24,0.383508498772759,0.421132543100754,0.604290319645078,169.827598203041
2016-02-08,1,"B",9,"w","B-09",27.7,3.33,3.36,3.345,0.612933794249657,0.515785595938085,1.02515195991853,257.056114749079
2016-02-08,1,"B",10,"w","B-10",24.2,2.89,2.61,2.75,0.356567375664392,0.398636848797573,0.811148649326756,183.462202159813
2016-02-08,1,"B",11,"w","B-11",21.5,3.28,3.08,3.18,0.39955601416483,0.427310460680939,0.665886687557356,179.495669194419
2016-02-08,1,"B",12,"w","B-12",18.2,2.29,2.26,2.275,0.172236587355288,0.285088973810235,0.497705581960074,109.239514716135
2016-02-08,1,"B",14,"w","B-14",23.2,3.09,2.74,2.915,0.375814099048613,0.411097763311059,0.75613162866316,183.052875372621
2016-02-08,1,"B",15,"w","B-15",17.5,2.52,2.78,2.65,0.217127736009194,0.321528268156296,0.467375239708921,118.681601559518
2016-02-29,1,"B",1,"w","B-01",46.3,4.36,4.55,4.455,2.05382472365552,0.896592272013717,2.46975196564594,624.090244053001
2016-02-29,1,"B",14,"w","B-14",39,4.96,4.93,4.945,1.98835163458012,0.898093481597601,1.85024161293678,551.566487339308
2016-02-29,1,"B",2,"w","B-02",40.1,5.07,4.88,4.975,2.08589662174954,0.917261918161983,1.9400108867114,573.991732148205
2016-02-29,1,"B",6,"w","B-06",41,4.77,4.73,4.75,1.9709576427995,0.889484484642185,2.01225022090035,566.961937695353
2016-02-29,1,"B",15,"w","B-15",36,4.24,4.32,4.28,1.3683885810632,0.750837727035961,1.6094298138706,440.721790928104
2016-02-29,1,"B",10,"w","B-10",44.4,5.36,5.22,5.29,2.67368652679631,1.02791408441014,2.30978930358374,687.075541483451
2016-02-29,1,"B",4,"w","B-04",35.5,4.47,4.2,4.335,1.3756245151335,0.753927560846149,1.5721474435494,437.914794279488
2016-02-29,1,"B",9,"w","B-09",41.5,5.12,4.9,5.01,2.21100871016835,0.941080029016837,2.05676755569286,602.684640424476
2016-01-08,2,"B",16,"d","B-16",11.7,0.75,0.8,0.775,0.00657363307443707,0.0722724796811976,0.096269132543662,25.112312903866
2016-01-08,2,"B",17,"d","B-17",13,0.96,1.01,0.985,0.0141817045067324,0.110002741238466,0.145845729886773,37.7403204272264
2016-01-08,2,"B",18,"d","B-18",13.4,0.78,0.85,0.815,0.00838080889715802,0.0785679124784083,0.117883366343312,29.6140848802151
2016-01-08,2,"B",19,"d","B-19",13.2,0.98,0.97,0.975,0.0139211332302532,0.10796652514295,0.146194430528734,37.6074485074295
2016-01-08,2,"B",20,"d","B-20",13.1,0.88,0.91,0.895,0.0108094193438627,0.0928151068596267,0.12994484685621,33.2061249043421
2016-01-08,2,"B",21,"d","B-21",13.7,0.87,0.84,0.855,0.00978026373974907,0.0854436467753846,0.128227705422907,32.1500080552212
2016-01-08,2,"B",22,"d","B-22",10.5,0.63,0.62,0.625,0.0032656285809566,0.0496081581813164,0.0654031353961462,17.258810922604
2016-01-08,2,"B",23,"d","B-23",11.4,0.85,0.86,0.855,0.00857161244055479,0.0860881722868387,0.106388272004239,28.273305493012
2016-01-08,2,"B",24,"d","B-24",14.4,0.88,0.98,0.93,0.0129259933929377,0.0989518300559499,0.150290110923349,37.4225895172628
2016-01-08,2,"B",25,"d","B-25",10.8,1,1.08,1.04,0.0145264882621127,0.122027901393394,0.129549874616616,35.7560607844432
2016-01-08,2,"B",26,"d","B-26",14.5,0.8,0.88,0.84,0.00967869293399055,0.0826166269908278,0.132781254219104,32.6374180340866
2016-01-08,2,"B",27,"d","B-27",14.5,0.9,0.87,0.885,0.01125496794601,0.090610623559926,0.14199833145575,35.0960188868149
2016-01-08,2,"B",28,"d","B-28",11.7,0.77,0.79,0.78,0.0066970026277434,0.0730997591718321,0.097068607819197,25.3380778665099
2016-01-08,2,"B",29,"d","B-29",10.5,0.92,0.88,0.9,0.0093720474004109,0.0945865976661338,0.104533829153863,28.6687065019006
2016-01-08,2,"B",30,"d","B-30",14.5,0.79,0.83,0.81,0.00871267118140099,0.0774665315323881,0.126714095386407,31.0266222991919
2016-01-18,2,"B",16,"d","B-16",13.7,0.92,0.98,0.95,0.0132631758327826,0.102958754179763,0.146834191339013,37.2274238588087
2016-01-18,2,"B",17,"d","B-17",16,1.39,1.4,1.395,0.0450228279706376,0.201932576769294,0.281757376925564,70.8266616265897
2016-01-18,2,"B",18,"d","B-18",16,1.1,1.16,1.13,0.0244846787420433,0.139082789461424,0.214886612254537,52.8274589142405
2016-01-18,2,"B",19,"d","B-19",16.2,1.19,1.2,1.195,0.0290398219149443,0.153476286445688,0.233844563548522,57.6017964742399
2016-01-18,2,"B",20,"d","B-20",14.6,0.84,0.84,0.84,0.00972655623123791,0.0825934120004371,0.133711636391585,32.7946276817133
2016-01-18,2,"B",21,"d","B-21",16,0.92,0.97,0.945,0.0146015019573778,0.101356396139626,0.170747268052806,41.1904811979473
2016-01-18,2,"B",22,"d","B-22",12.3,0.9,0.95,0.925,0.0113647348357135,0.0986460074285211,0.127165947414255,33.2669032649842
2016-01-18,2,"B",23,"d","B-23",14.1,1.1,1.2,1.15,0.023524412241469,0.14421267928068,0.193300072794839,49.554028735503
2016-01-18,2,"B",24,"d","B-24",15.7,1.17,1.2,1.185,0.0277121132311106,0.151404536821595,0.22407914598602,55.697722577421
2016-01-18,2,"B",25,"d","B-25",13.2,1.29,1.3,1.295,0.0316276280525429,0.17842220375855,0.21059740993058,55.8245474126343
2016-01-18,2,"B",26,"d","B-26",16.7,1.19,1.17,1.18,0.028615950049673,0.14989677785272,0.237292592226012,57.8137554261172
2016-01-18,2,"B",27,"d","B-27",16.2,1.17,1.16,1.165,0.0269816606345026,0.146723179196764,0.226322120725521,55.5992093451854
2016-01-18,2,"B",28,"d","B-28",14.2,1.03,1.03,1.03,0.0171926999863876,0.118623911955707,0.168966333260903,42.718500634236
2016-01-18,2,"B",29,"d","B-29",13.2,1.08,1.07,1.075,0.0184618529757454,0.128332664781269,0.165753719173517,43.0812619289732
2016-01-18,2,"B",30,"d","B-30",16.3,1.29,1.28,1.285,0.0359822939342199,0.174479473438226,0.258343530859832,64.0019209931784
2016-01-28,2,"B",16,"d","B-16",21.3,1.95,1.9,1.925,0.140275769779203,0.352898013539518,0.570131406028062,135.43065110949
2016-01-28,2,"B",17,"d","B-17",21.3,2.06,2.05,2.055,0.169449337873609,0.396167866877367,0.620117216850634,148.325450460671
2016-01-28,2,"B",18,"d","B-18",22.6,1.8,1.78,1.79,0.118617884316915,0.309534897654923,0.551447553306703,127.572832604024
2016-01-28,2,"B",19,"d","B-19",24,2.29,1.96,2.125,0.203376963177326,0.418317367463223,0.730869221525111,168.927451094641
2016-01-28,2,"B",20,"d","B-20",18.2,1.85,1.78,1.815,0.105698913978949,0.320048402520787,0.450520497311044,111.787646298174
2016-01-28,2,"B",21,"d","B-21",20.4,1.67,1.68,1.675,0.0909592415971108,0.276368973880574,0.456278684164099,108.274344035587
2016-01-28,2,"B",22,"d","B-22",16.4,1.47,1.44,1.455,0.0517615847549363,0.217338233474678,0.304993070822698,76.4095294137196
2016-01-28,2,"B",23,"d","B-23",20.6,1.93,1.93,1.93,0.137982359448184,0.355006653807374,0.552942579992721,132.781715054927
2016-01-28,2,"B",24,"d","B-24",18.7,1.42,1.43,1.425,0.0535497443793742,0.208349137677323,0.339281550406649,81.3590649301803
2016-01-28,2,"B",25,"d","B-25",19.5,2.02,2.08,2.05,0.157927860994115,0.395890213267102,0.565141163161583,138.974055744454
2016-01-28,2,"B",26,"d","B-26",21.4,2,1.97,1.985,0.15380929870093,0.372526890603419,0.595914569948723,141.804688643575
2016-01-28,2,"B",27,"d","B-27",23.8,2.12,2.1,2.11,0.198060706848791,0.413246918310173,0.718110074425626,166.294406460849
2016-01-28,2,"B",28,"d","B-28",20,2.11,2.06,2.085,0.168891532026091,0.407509167414929,0.592628767558348,144.828351263059
2016-01-28,2,"B",29,"d","B-29",17.2,1.65,1.67,1.66,0.078408774601769,0.273908221580019,0.379247741226234,94.9027960135941
2016-01-28,2,"B",30,"d","B-30",21.3,1.93,1.96,1.945,0.144531054637261,0.359413019491832,0.577760399172317,137.392886225624
2016-02-08,2,"B",16,"d","B-16",33.4,3.69,3.78,3.735,1.31669964317504,1.11976497269574,2.11179427401171,466.587520009809
2016-02-08,2,"B",17,"d","B-17",29.6,3.88,3.49,3.685,1.16121922875963,1.09878494529062,1.83583386134955,420.835687524092
2016-02-08,2,"B",18,"d","B-18",27.4,3.98,3.69,3.835,1.23293273794195,1.18291029313765,1.78665880570244,421.480379602391
2016-02-08,2,"B",19,"d","B-19",35.7,3.34,3.47,3.405,1.05704450274259,0.948076853433031,2.00618170292709,429.777571859513
2016-02-08,2,"B",20,"d","B-20",26,3.42,3.09,3.255,0.739079962683583,0.886839507275435,1.37188516307217,323.401014806159
2016-02-08,2,"B",21,"d","B-21",30.4,2.78,2.56,2.67,0.466298000654707,0.620571560943205,1.24638181906412,273.823818577369
2016-02-08,2,"B",23,"d","B-23",30.4,3.44,3.08,3.26,0.830528275844382,0.88358501191799,1.61123065386979,361.528637892554
2016-02-08,2,"B",24,"d","B-24",25.9,2.57,2.78,2.675,0.41790339384629,0.626721832420262,1.06172755210773,245.447339311447
2016-02-08,2,"B",25,"d","B-25",29.3,3.29,3.39,3.34,0.867576557105933,0.923713430815102,1.60116831292306,364.422485668815
2016-02-08,2,"B",26,"d","B-26",29.5,3.42,3.39,3.405,0.921785962663687,0.955501060887589,1.65273549327778,376.114808990392
2016-02-08,2,"B",27,"d","B-27",42.6,3.82,3.88,3.85,1.71161127145621,1.16980986831166,2.81148851926892,576.950402002005
2016-02-08,2,"B",28,"d","B-28",36.9,3.7,3.65,3.675,1.34963402352235,1.0837007598144,2.28863483711344,489.107826286839
2016-02-08,2,"B",29,"d","B-29",26.5,2.95,2.96,2.955,0.566519379981463,0.746766648333248,1.23514350394598,286.471742429153
2016-02-08,2,"B",30,"d","B-30",35.2,3.64,3.56,3.6,1.22920113190618,1.04688340839524,2.12446751757484,459.854454509355
2016-02-29,2,"B",24,"d","B-24",51.5,5.14,5.21,5.175,4.61241168446716,1.95921213254458,4.98697358884279,994.294130886005
2016-02-29,2,"B",26,"d","B-26",45.5,4.79,4.69,4.74,3.27390596771368,1.68575163269639,3.92775939503596,806.925229393736
2016-02-29,2,"B",17,"d","B-17",49.5,5.27,5.23,5.25,4.67356834979057,2.01300341670746,4.87974490908077,986.698830677173
2016-02-29,2,"B",21,"d","B-21",52,4.12,4.05,4.085,2.34398156873951,1.28859009293952,3.71536661969747,720.266011022419
2016-02-29,2,"B",19,"d","B-19",55.7,5,4.98,4.99,4.3919339659987,1.83108441382472,5.15342537961388,998.428937234321
2016-02-29,2,"B",16,"d","d-16",59.5,4.84,4.86,4.85,4.24126424765548,1.73645383000262,5.31276899476983,1004.97774193445
2016-02-29,2,"B",18,"d","B-18",50.5,4.85,4.94,4.895,3.87230560297699,1.77694692213262,4.55111785839723,907.695181829911
2016-02-29,2,"B",23,"d","B-23",53.2,4.67,4.74,4.705,3.5850540635527,1.65318134204164,4.56024534342269,890.896633492757
2016-01-08,2,"B",16,"w","B-16",12.4,0.95,0.99,0.97,0.025694629928946,0.0917573300071159,0.151026721235414,40.3413515605126
2016-01-08,2,"B",17,"w","B-17",15.4,0.85,0.92,0.885,0.0296535989290968,0.0978779867400649,0.165362284872943,46.7037591850499
2016-01-08,2,"B",18,"w","B-18",14.2,1.04,1.07,1.055,0.035647569859974,0.110410217691077,0.186494059989247,50.3584013007778
2016-01-08,2,"B",19,"w","B-19",12.5,0.8,0.86,0.83,0.0199888657971359,0.0786906799654927,0.128316126710721,35.2481183804726
2016-01-08,2,"B",20,"w","B-20",16.5,1,0.91,0.955,0.0370528884582144,0.111281015773227,0.19093014403716,53.9166819362081
2016-01-08,2,"B",21,"w","B-21",14.8,1,0.98,0.99,0.0339051290323738,0.106632766655926,0.180451171284947,49.6358204292026
2016-01-08,2,"B",22,"w","B-22",13.5,1.06,1.09,1.075,0.0343240329754669,0.108468395836332,0.182069306171001,48.5496805796826
2016-01-08,2,"B",23,"w","B-23",8.9,0.97,1.07,1.02,0.0177324215996864,0.0758002170074627,0.119147100571005,29.6732310953513
2016-01-08,2,"B",24,"w","B-24",15.6,0.93,0.94,0.935,0.0331065142778982,0.104521497926787,0.177584800642025,49.8082526104051
2016-01-08,2,"B",25,"w","B-25",10.3,0.62,0.68,0.65,0.0101577095311186,0.0531889227073469,0.082883568368534,22.897572115597
2016-01-08,2,"B",26,"w","B-26",13,1.12,1,1.06,0.0318293572535553,0.10401000451424,0.17344123109507,46.0363586319669
2016-01-08,2,"B",27,"w","B-27",14.4,0.97,1.02,0.995,0.0329309962657525,0.105058095358604,0.177121888264357,48.4316846460165
2016-01-08,2,"B",28,"w","B-28",13.1,0.95,0.99,0.97,0.0277072027989582,0.0955164159261442,0.158506491211096,42.7725755208526
2016-01-08,2,"B",29,"w","B-29",16.1,0.98,1,0.99,0.0380605758536246,0.11340284803562,0.194332193934425,54.2949228003458
2016-01-08,2,"B",30,"w","B-30",15.4,0.8,0.92,0.86,0.0282584425512584,0.095049709878956,0.16027328070458,45.4875707308223
2016-01-18,2,"B",16,"w","B-16",17.5,1.33,1.39,1.36,0.0727985566985641,0.166805610305329,0.295699914383175,79.4929891929434
2016-01-18,2,"B",17,"w","B-17",18.3,1.04,1.06,1.05,0.0500997797175095,0.132264045969996,0.231944195099337,65.6999995187405
2016-01-18,2,"B",18,"w","B-18",18.2,1.19,1.19,1.19,0.0613740092445127,0.149735132201007,0.264596721344297,73.2962227436195
2016-01-18,2,"B",19,"w","B-19",14,0.98,1.08,1.03,0.0335779880149001,0.106622241796201,0.179424235569242,48.5195797943322
2016-01-18,2,"B",20,"w","B-20",20,1.13,1.15,1.14,0.0649946144557771,0.15353036322882,0.274348156795814,77.904576280927
2016-01-18,2,"B",21,"w","B-21",16.5,1.15,1.18,1.165,0.0517601826834965,0.136380137598555,0.237158562144272,64.745308408882
2016-01-18,2,"B",22,"w","B-22",17.5,1.34,1.31,1.325,0.0696755108152365,0.162414312730988,0.287408465910994,77.6073168731061
2016-01-18,2,"B",23,"w","B-23",12,1.18,1.23,1.205,0.035378126219006,0.111849863503472,0.185905795288704,47.5694451126986
2016-01-18,2,"B",24,"w","B-24",19,1.3,1.35,1.325,0.0780054244956623,0.172479361964918,0.30898516621177,84.7154023890595
2016-01-18,2,"B",25,"w","B-25",11.7,0.77,0.79,0.78,0.0164423687371394,0.0703576132863881,0.11312601949017,31.0227514679895
2016-01-18,2,"B",26,"w","B-26",16.6,1.6,1.6,1.6,0.088988866245388,0.189525772277349,0.3370235759471,87.2739019744207
2016-01-18,2,"B",27,"w","B-27",16.3,1.22,1.23,1.225,0.0553862929081949,0.142297138239167,0.247838195512716,66.9340301720801
2016-01-18,2,"B",28,"w","B-28",15.9,1.16,1.18,1.17,0.0495488207732576,0.133319200666576,0.230625607119006,62.4853570503916
2016-01-18,2,"B",29,"w","B-29",19.1,1.51,1.58,1.545,0.101730202054876,0.202613324585976,0.367043302526438,98.1341648388078
2016-01-18,2,"B",30,"w","B-30",17.5,1.04,1.06,1.05,0.04711701869747,0.128011291214326,0.222995178287584,62.643810693952
2016-01-28,2,"B",16,"w","B-16",26.5,1.64,1.58,1.61,0.170936736508817,0.268508442097681,0.512178028061952,144.492899005034
2016-01-28,2,"B",17,"w","B-17",22.5,1.62,1.65,1.635,0.140121651011373,0.242018545665431,0.450991430331054,123.106449010369
2016-01-28,2,"B",18,"w","B-18",23.4,2.66,2.75,2.705,0.344834916611259,0.416904561597451,0.808488420701405,204.062361059083
2016-01-28,2,"B",19,"w","B-19",19.2,1.61,1.65,1.63,0.112119298749826,0.214845439559148,0.390917930830609,103.670158223273
2016-01-28,2,"B",20,"w","B-20",32.6,1.87,1.89,1.88,0.294863388661422,0.366131517284086,0.72789002666434,207.836684759858
2016-01-28,2,"B",21,"w","B-21",20.6,1.73,1.76,1.745,0.138499071495599,0.242532720437001,0.448010628879698,118.984005120436
2016-01-28,2,"B",22,"w","B-22",26.2,2.27,2.2,2.235,0.29215602517354,0.372483685152233,0.725205120997086,193.083773756175
2016-01-28,2,"B",23,"w","B-23",17.4,1.71,1.67,1.69,0.104081945205666,0.207459308509679,0.372888554912807,96.5053534742264
2016-01-28,2,"B",24,"w","B-24",25.6,2.12,2.14,2.13,0.261007717894028,0.34863193233387,0.674230180953993,180.211058770303
2016-01-28,2,"B",25,"w","B-25",15.4,1.4,1.37,1.385,0.062978232823262,0.154780024284935,0.26953329454588,70.5426769403138
2016-01-28,2,"B",26,"w","B-26",22.1,2.19,2.17,2.18,0.221781091361823,0.320624872032195,0.607574482886789,157.406218688501
2016-01-28,2,"B",27,"w","B-27",22.6,1.85,1.82,1.835,0.171173623648454,0.273237686231776,0.513493245859999,137.55668109486
2016-01-28,2,"B",28,"w","B-28",21.3,1.71,1.74,1.725,0.142218417443245,0.245616801030196,0.455618661023703,121.995463497298
2016-01-28,2,"B",29,"w","B-29",26.8,2.09,2.08,2.085,0.268149559619271,0.352714840470361,0.685810823454588,185.54234324937
2016-01-28,2,"B",30,"w","B-30",21.6,1.47,1.49,1.48,0.112050511318872,0.2121409750351,0.390280887126028,107.537167844929
2016-02-08,2,"B",16,"w","B-16",40.6,3.25,3.52,3.385,1.07157149210005,0.784622305685014,1.6771103558255,451.291591957257
2016-02-08,2,"B",17,"w","B-17",32.9,3.59,3.1,3.345,0.786908656277048,0.664666078886774,1.3757456326376,356.762419792417
2016-02-08,2,"B",18,"w","B-18",36.1,3.94,4.08,4.01,1.21259406130871,0.85635937378383,1.81938032540276,465.42208312799
2016-02-08,2,"B",19,"w","B-19",32,2.89,2.96,2.925,0.604486115701922,0.567768081045387,1.15976831300882,306.117217555004
2016-02-08,2,"B",20,"w","B-20",47.8,3.96,3.89,3.925,1.71984303707107,1.02866808655518,2.27558133815055,615.463247967589
2016-02-08,2,"B",21,"w","B-21",29.4,3.07,2.81,2.94,0.542731271820294,0.536458887684488,1.08242927272896,281.005684317385
2016-02-08,2,"B",22,"w","B-22",36.3,3.39,3.55,3.47,0.958011689722703,0.741540121815199,1.5614007766897,409.792887043749
2016-02-08,2,"B",23,"w","B-23",25.2,3.58,3.05,3.315,0.537444909875253,0.541923602355952,1.07731576597748,266.305993676964
2016-02-08,2,"B",24,"w","B-24",38.1,3.65,3.66,3.655,1.11730102520756,0.810185340843869,1.72433879131588,452.619680688395
2016-02-08,2,"B",26,"w","B-26",29.6,3.84,3.97,3.905,0.882967544826905,0.720824768773715,1.48410104846428,367.588760114286
2016-02-08,2,"B",27,"w","B-27",37.6,3.61,3.74,3.675,1.10733153202364,0.806890959191824,1.71458030705348,448.54084295734
2016-02-08,2,"B",28,"w","B-28",34.7,3.81,3.56,3.685,0.996310788680713,0.763020699345218,1.60236568394338,412.802577272511
2016-02-08,2,"B",29,"w","B-29",41,3.49,3.9,3.695,1.25854466378828,0.864399426318646,1.86132570515471,494.351646399534
2016-02-08,2,"B",30,"w","B-30",30,2.51,2.56,2.535,0.434890027382352,0.467826733293174,0.93735867504494,250.492125515282
2016-02-29,2,"B",18,"w","B-18",64.5,6.46,6.47,6.465,6.00719485543571,2.13396871352284,5.10570807602884,1341.02632925669
2016-02-29,2,"B",23,"w","B-23",61.5,5.15,5.33,5.24,3.95210567088738,1.6622862707097,3.89334792628764,1050.47213734212
2016-02-29,2,"B",22,"w","B-22",71,5.54,5.57,5.555,5.31044047389356,1.96001170198352,4.7085913093594,1291.83449847681
2016-02-29,2,"B",27,"w","B-27",69.2,6.09,6.07,6.08,5.96724719182083,2.1097765914797,5.07991806919076,1365.95277903915
2016-02-29,2,"B",28,"w","B-28",72.5,6.02,5.96,5.99,6.20389120050075,2.14981614827659,5.20715398119944,1415.89729719888
2016-02-29,2,"B",24,"w","B-24",63,5.52,5.39,5.455,4.37088157406967,1.76289741201788,4.15513508976463,1118.45132377852
2016-02-29,2,"B",29,"w","B-29",66,6.3,6.32,6.31,5.95192870954568,2.11691578450357,5.07396964628451,1343.91698781371
2016-02-29,2,"B",20,"w","B-20",73,5.87,5.97,5.92,6.14012769916866,2.13481285222031,5.17200475529871,1410.95045184559
2016-01-08,3,"B",31,"d","B-31",11,0.88,0.89,0.885,0.00574603795648611,0.0294486496570732,0.052269833736551,17.1535530547515
2016-01-08,3,"B",32,"d","B-32",13.8,1,1.02,1.01,0.00892305026485087,0.0423181105400135,0.0780668867677685,24.2717921005837
2016-01-08,3,"B",33,"d","B-33",16.8,1.03,1.08,1.055,0.00907538388105355,0.0492468613427288,0.0907121138194553,27.7675397851977
2016-01-08,3,"B",34,"d","B-34",12.2,0.94,0.97,0.955,0.00761901972300643,0.036032816941315,0.0656014264145398,20.8581795947303
2016-01-08,3,"B",35,"d","B-35",14.2,1.1,0.99,1.045,0.0103149416586563,0.0461017784857427,0.0861975546275494,26.4142513449568
2016-01-08,3,"B",36,"d","B-36",13,1.03,1.01,1.02,0.00999525383625928,0.0426117646752429,0.079543741008016,24.5965838051592
2016-01-08,3,"B",37,"d","B-37",16.5,0.95,0.91,0.93,0.00483842644127766,0.0367034632316298,0.0636701829678285,20.5970431636423
2016-01-08,3,"B",38,"d","B-38",15.1,0.98,1.02,1,0.00771189822796,0.0423527459539218,0.0769357549191025,24.0653319488861
2016-01-08,3,"B",39,"d","B-39",15.2,1.01,1.04,1.025,0.00869444163703376,0.0448983158450386,0.0824941119308825,25.5277624291265
2016-01-08,3,"B",40,"d","B-40",10.1,0.85,0.82,0.835,0.00466251054745628,0.0252001532193159,0.0439015930368816,14.7580749388085
2016-01-08,3,"B",41,"d","B-41",12.2,0.72,0.74,0.73,0.00191607990044739,0.0194574304475453,0.0310342064312633,11.1079703055297
2016-01-08,3,"B",42,"d","B-42",13,0.83,0.93,0.88,0.00468132235342971,0.0303719552222845,0.0527198608872756,17.3982283813231
2016-01-08,3,"B",43,"d","B-43",10,0.55,0.63,0.59,0.00079105200184278,0.0113323995056097,0.0166580603066,6.52498217321839
2016-01-08,3,"B",44,"d","B-44",12.5,0.97,0.96,0.965,0.00783499218723907,0.0371402181195241,0.0677727800794885,21.4595032586718
2016-01-08,3,"B",45,"d","B-45",10.8,0.76,0.79,0.775,0.0029621196285946,0.021615682768448,0.0360163272279184,12.5274408247274
2016-01-18,3,"B",31,"d","B-31",17,1.38,1.39,1.385,0.0362855931250361,0.0922188607179255,0.193960430928476,52.6721302527142
2016-01-18,3,"B",32,"d","B-32",16.5,1.19,1.17,1.18,0.0164418878853691,0.0633662609669691,0.123596600348828,35.9996781137148
2016-01-18,3,"B",33,"d","B-33",21.7,1.38,1.39,1.385,0.0280647036471307,0.0983233872851642,0.200988050018721,54.8277810058864
2016-01-18,3,"B",34,"d","B-34",14.1,1.27,1.27,1.27,0.0283013599524599,0.0719692037494815,0.14824742001276,41.681638739679
2016-01-18,3,"B",35,"d","B-35",19.8,1.73,1.64,1.685,0.0846312506339367,0.150488558895745,0.342449648041225,85.5376966649718
2016-01-18,3,"B",36,"d","B-36",17.8,1.54,1.65,1.595,0.0714036900901691,0.129027898347048,0.289359437252535,73.9009884264436
2016-01-18,3,"B",37,"d","B-37",21,1.51,1.6,1.555,0.0526601165187453,0.127127249885526,0.276169686590481,71.5450975630116
2016-01-18,3,"B",38,"d","B-38",20,1.57,1.62,1.595,0.0631618564703754,0.133037219135597,0.29431807333586,75.3297496310922
2016-01-18,3,"B",39,"d","B-39",19.4,1.6,1.57,1.585,0.0631456901253847,0.130087309579106,0.287924356752807,73.8562165512246
2016-01-18,3,"B",40,"d","B-40",12.7,1.26,1.16,1.21,0.0246386562880131,0.0626634836598963,0.127587466723781,36.575426000368
2016-01-18,3,"B",41,"d","B-41",14.5,0.98,1.01,0.995,0.00784349480373766,0.0414252191250204,0.0754216110742702,23.6261513145989
2016-01-18,3,"B",42,"d","B-42",19,1.55,1.58,1.565,0.0604688711372973,0.125663816988986,0.277073194446676,71.4441276554422
2016-01-18,3,"B",43,"d","B-43",11.4,0.89,0.92,0.905,0.00620735543678521,0.0312894769467772,0.0559180410166615,18.1829424663105
2016-01-18,3,"B",44,"d","B-44",15.7,1.37,1.37,1.37,0.0373077096239914,0.0880847814488056,0.18599446659505,50.6772080043162
2016-01-18,3,"B",45,"d","B-45",13.2,1.18,1.18,1.18,0.0207944329217799,0.0597600229498572,0.119639995272861,34.7035802976515
2016-01-28,3,"B",31,"d","B-31",26.7,1.88,1.83,1.855,0.101238312059869,0.202927739462673,0.467550185627577,112.562293056587
2016-01-28,3,"B",32,"d","B-32",25.2,1.78,1.81,1.795,0.0908673290031745,0.185351877402137,0.423042745507776,103.223412377727
2016-01-28,3,"B",33,"d","B-33",28.2,2.63,2.65,2.64,0.585849962211979,0.4624708459819,1.25971625073261,259.849745406006
2016-01-28,3,"B",34,"d","B-34",20,1.83,1.81,1.82,0.124425083525121,0.180060389462673,0.425093930134211,102.653281025541
2016-01-28,3,"B",35,"d","B-35",29,2.32,2.21,2.265,0.258910875726311,0.327847155647597,0.82542037911272,182.25421523515
2016-01-28,3,"B",36,"d","B-36",27.8,1.83,1.83,1.83,0.0904929843229748,0.198806236779452,0.452863477203108,109.762521805106
2016-01-28,3,"B",37,"d","B-37",34,2.23,2.24,2.235,0.20449974176242,0.331535443653434,0.813981972452652,181.321202091002
2016-01-28,3,"B",38,"d","B-38",28.8,2.38,2.31,2.345,0.311719930017908,0.354369774496334,0.908311906346996,197.486353746391
2016-01-28,3,"B",39,"d","B-39",28.1,2.51,2.47,2.49,0.435397123746742,0.404029000321409,1.06972085810421,226.406768536465
2016-01-28,3,"B",40,"d","B-40",17.9,1.45,1.47,1.46,0.0450636914143596,0.105495072932026,0.226353879897586,60.1139348193542
2016-01-28,3,"B",41,"d","B-41",18.7,1.59,1.54,1.565,0.0614902933222108,0.125139739347694,0.276430968983977,71.2575281467633
2016-01-28,3,"B",42,"d","B-42",27,1.8,1.89,1.845,0.0973142544499947,0.20101636315947,0.461312784809213,111.348607117343
2016-01-28,3,"B",43,"d","B-43",16,1.38,1.31,1.345,0.0332700165799512,0.0848623322340057,0.177180261277515,48.686180341039
2016-01-28,3,"B",44,"d","B-44",24,2.25,2.21,2.23,0.291676117453051,0.301008083229284,0.768863214535067,170.337803789049
2016-01-28,3,"B",45,"d","B-45",18,1.65,1.61,1.63,0.0788946370527483,0.136012538207955,0.307899248576771,77.9032949729604
2016-02-08,3,"B",31,"d","B-31",45.8,3.15,3.17,3.16,0.885719936445384,0.793372664973324,2.23111620919033,428.99604016215
2016-02-08,3,"B",32,"d","B-32",42,3.52,3.26,3.39,1.39205176135026,0.911133366953667,2.67945109345829,498.69040747176
2016-02-08,3,"B",33,"d","B-33",40.2,3.87,3.78,3.825,2.71058248550792,1.18806876228919,3.72689603557705,657.157045920709
2016-02-08,3,"B",34,"d","B-34",33,2.91,2.88,2.895,0.797410968567937,0.595462291596619,1.66644440637769,331.019212020862
2016-02-08,3,"B",35,"d","B-35",40.3,3.57,3.6,3.585,1.93792319708267,1.02465850139822,3.11243316978269,564.737437876993
2016-02-08,3,"B",36,"d","B-36",43.5,3.47,3.45,3.46,1.49011984003566,0.963700868581566,2.85100272849523,526.20187082684
2016-02-08,3,"B",37,"d","B-37",51.4,3.41,3.31,3.36,1.07523781237558,0.941370109735911,2.69203033708439,504.882922869611
2016-02-08,3,"B",38,"d","B-38",39.2,3.59,3.48,3.535,1.85629399256514,0.984992781040399,2.98094296780683,543.959244680614
2016-02-08,3,"B",39,"d","B-39",43.6,4.25,4.03,4.14,3.73709133857452,1.4552156322322,4.70154356724926,801.799709607602
2016-02-08,3,"B",40,"d","B-40",28.5,2.32,2.37,2.345,0.315174328438528,0.353396727462299,0.906926166006459,197.14684046662
2016-02-08,3,"B",41,"d","B-41",29.5,2.66,2.64,2.65,0.569668834229662,0.472052002453118,1.28144824202943,264.112686393169
2016-02-08,3,"B",42,"d","B-42",35.1,3.17,3.15,3.16,1.1719760751367,0.739831962697355,2.14621387171857,410.643200263805
2016-02-08,3,"B",44,"d","B-44",38,3.39,3.08,3.235,1.21611120265688,0.79717017494503,2.31782964039763,439.562961250661
2016-02-08,3,"B",45,"d","B-45",28.2,2.52,2.54,2.53,0.470783979082218,0.419461130114723,1.11886540949298,235.166040810067
2016-02-29,3,"B",42,"d","B-42",66,4.55,4.44,4.495,3.68637322313405,1.95954495772557,6.28110814119528,1040.98950848037
2016-02-29,3,"B",37,"d","B-37",66.5,4.51,4.46,4.485,3.6155970863175,1.9534283307697,6.2491280250126,1036.8514413979
2016-02-29,3,"B",34,"d","B-34",61,4.45,4.38,4.415,3.65206810440531,1.84197473649269,5.90635562415327,985.221554518838
2016-02-29,3,"B",33,"d","B-33",65.5,4.86,4.68,4.77,5.04165707393063,2.24096806329304,7.40290466858834,1195.04386065806
2016-02-29,3,"B",38,"d","B-38",58,4.61,4.52,4.565,4.57235997890387,1.96251111234941,6.43504091348887,1056.73068625298
2016-02-29,3,"B",32,"d","B-32",66,4.63,4.55,4.59,4.10455637340713,2.05583158182659,6.65796543838031,1093.32172646487
2016-02-29,3,"B",45,"d","B-45",54.5,4.48,4.43,4.455,4.30690115593793,1.82565304222229,5.95795979397236,987.82354493918
2016-02-29,3,"B",39,"d","B-39",61.5,5.54,5.37,5.455,10.7347039928382,2.99853768328619,10.6603221878784,1620.16051739226
2016-01-08,3,"B",31,"w","B-31",13,0.81,0.85,0.83,0.013918658206479,0.0824196374912215,0.115814484003104,32.3727900455721
2016-01-08,3,"B",32,"w","B-32",13.5,0.84,0.87,0.855,0.0155748502390581,0.0861022390805852,0.123068558430992,34.433412556902
2016-01-08,3,"B",33,"w","B-33",10.7,0.94,0.85,0.895,0.011311317364932,0.108655698009105,0.134949060706547,33.1063823107582
2016-01-08,3,"B",34,"w","B-34",16.3,1.01,1.02,1.015,0.0283657026389134,0.112741664063363,0.174822968832847,48.5218141422938
2016-01-08,3,"B",35,"w","B-35",14.7,0.83,0.92,0.875,0.0186875140949088,0.086304384464294,0.129070022898686,37.073049857225
2016-01-08,3,"B",36,"w","B-36",15.2,0.87,0.94,0.905,0.0208964566298093,0.0911855902895298,0.138285601052195,39.5922160170788
2016-01-08,3,"B",37,"w","B-37",13.8,1.26,1.18,1.22,0.0288654916480442,0.185650065208463,0.254267398745025,59.1084170965604
2016-01-08,3,"B",38,"w","B-38",11.5,1.05,1.03,1.04,0.0163297690237695,0.145033315054512,0.183404871423274,42.8197031944746
2016-01-08,3,"B",39,"w","B-39",10.6,0.78,0.8,0.79,0.00908281404413226,0.0830493412768253,0.104602773670287,27.3653372151681
2016-01-08,3,"B",40,"w","B-40",10,0.68,0.77,0.725,0.00715281992032949,0.0710934191909648,0.0877638004771627,23.4362203529785
2016-01-08,3,"B",41,"w","B-41",13,0.71,0.76,0.735,0.0114160344434562,0.0631075138067548,0.0903700050084711,27.0053977254163
2016-01-08,3,"B",42,"w","B-42",14.3,0.83,0.87,0.85,0.0170095849543124,0.0822616710663101,0.121639072130396,35.0544398829528
2016-01-08,3,"B",43,"w","B-43",11,0.87,0.81,0.84,0.0106899591529902,0.0930516906218735,0.118581430200577,30.5061613847701
2016-01-08,3,"B",44,"w","B-44",15.2,1.05,1.03,1.04,0.0262142690568021,0.123752882106365,0.183659687672942,48.7152229281553
2016-01-08,3,"B",45,"w","B-45",12.2,0.72,0.73,0.725,0.010023304996852,0.0634898854783215,0.0878507062639012,25.693464817266
2016-01-18,3,"B",31,"w","B-31",15,1.03,1.09,1.06,0.0264403214076045,0.130016134904263,0.190927410840101,49.8129090024012
2016-01-18,3,"B",32,"w","B-32",16.4,1.08,1.06,1.07,0.0312371150423495,0.126156603294027,0.194707919392782,52.6433769300746
2016-01-18,3,"B",33,"w","B-33",16.8,1.21,1.22,1.215,0.0400338091644346,0.164505970691039,0.252392186685136,64.3420121671307
2016-01-18,3,"B",34,"w","B-34",21.4,1.59,1.58,1.585,0.093116588707695,0.25702483766308,0.43473289059888,106.974120722749
2016-01-18,3,"B",35,"w","B-35",17.8,1.23,1.26,1.245,0.0459523425061128,0.167943938200419,0.265350478880025,68.5337508949972
2016-01-18,3,"B",36,"w","B-36",18.8,1.03,1.09,1.06,0.0387850345457761,0.114343933797112,0.191142114767697,55.2955936719418
2016-01-18,3,"B",37,"w","B-37",21,1.77,1.79,1.78,0.108966095919643,0.335208223151286,0.550835829729386,126.078102129013
2016-01-18,3,"B",38,"w","B-38",15.7,1.4,1.35,1.375,0.0436649594891251,0.224344663698884,0.324771314271855,74.9928395646558
2016-01-18,3,"B",39,"w","B-39",15.3,1.23,1.27,1.25,0.0357782493167286,0.184661564860936,0.267328446629767,64.2844282678527
2016-01-18,3,"B",40,"w","B-40",14,1.05,1.01,1.03,0.0224436767869009,0.126956628658601,0.179999952514122,46.2264970651254
2016-01-18,3,"B",41,"w","B-41",15.7,1.09,1.02,1.055,0.0283484213439749,0.125377428889016,0.189136853622287,50.5172252196437
2016-01-18,3,"B",42,"w","B-42",17.5,1.04,1.09,1.065,0.0346093389670048,0.120338382269314,0.192917883560168,53.8701063419959
2016-01-18,3,"B",43,"w","B-43",17.4,1.45,1.56,1.505,0.0602378362623512,0.258042023435371,0.390724475855499,89.9867041128044
2016-01-18,3,"B",44,"w","B-44",23.5,1.37,1.35,1.36,0.0850329112206903,0.174104504514259,0.318219867479937,88.9032814463818
2016-01-18,3,"B",45,"w","B-45",15,0.99,1.07,1.03,0.0252310318100027,0.12207061280425,0.180061774371428,47.7250929260501
2016-01-28,3,"B",31,"w","B-31",22.5,1.41,1.39,1.4,0.0828077448284225,0.190196926865685,0.33754054517028,90.9828447539034
2016-01-28,3,"B",32,"w","B-32",28.2,2.06,2.07,2.065,0.228931453746958,0.392784395704983,0.746956035159962,180.316850412766
2016-01-28,3,"B",33,"w","B-33",30.6,2.27,2.37,2.32,0.317944776175069,0.48422097437557,0.947706133058325,222.768717684884
2016-01-28,3,"B",34,"w","B-34",33,2.5,2.64,2.57,0.42703835763112,0.580776783858709,1.16827004584615,268.721028164867
2016-01-28,3,"B",35,"w","B-35",23.5,1.75,1.76,1.755,0.12887240057462,0.304814383239374,0.535461868268863,130.037124171456
2016-01-28,3,"B",36,"w","B-36",28.3,2.28,2.45,2.365,0.287326753289164,0.528046381354379,0.985217267319863,221.107939390833
2016-01-28,3,"B",37,"w","B-37",36.1,2.65,2.67,2.66,0.526023749378065,0.59519773628084,1.25384875715796,294.867335510568
2016-01-28,3,"B",38,"w","B-38",28.3,2.62,2.36,2.49,0.312500193214661,0.591291447764625,1.09441590964936,238.760886076597
2016-01-28,3,"B",39,"w","B-39",26.3,2.18,2.11,2.145,0.216382167296659,0.444265701593116,0.806925128047446,184.77616282602
2016-01-28,3,"B",40,"w","B-40",21.3,1.67,1.69,1.68,0.101577572045231,0.292858101942545,0.489559364152465,116.423178401267
2016-01-28,3,"B",41,"w","B-41",22.5,1.88,1.78,1.83,0.128159448209172,0.342527537387818,0.58307589732287,135.655696986707
2016-01-28,3,"B",42,"w","B-42",25.7,2.06,2.06,2.06,0.194796574613085,0.411884160273673,0.742926220489943,172.116685025246
2016-01-28,3,"B",43,"w","B-43",32,2.05,2.06,2.055,0.281463729685613,0.361654556992469,0.740057890864744,189.792845100861
2016-01-28,3,"B",44,"w","B-44",39.5,2.45,2.46,2.455,0.537696608505948,0.474159519697991,1.06501629507901,272.746326025651
2016-01-28,3,"B",45,"w","B-45",22.8,1.56,1.56,1.56,0.101033482655621,0.239416794585497,0.420986348539326,107.574149863489
2016-02-08,3,"B",32,"w","B-32",43.8,3.28,3.38,3.33,1.05333637452048,0.873341549915206,1.98506504869454,450.770317039009
2016-02-08,3,"B",33,"w","B-33",49.6,4.68,4.53,4.605,2.20685968507103,1.65837829635961,3.8491686107341,774.266256168312
2016-02-08,3,"B",34,"w","B-34",48.8,4.11,4.25,4.18,1.83323827487055,1.35311486897498,3.15868817564117,665.132890135661
2016-02-08,3,"B",35,"w","B-35",33.4,3.3,3.44,3.37,0.678055180692124,1.04602490386673,2.0312903499274,404.807493017489
2016-02-08,3,"B",36,"w","B-36",46.3,4.52,4.34,4.43,1.84332972050118,1.58392953447327,3.55532067177014,707.897070956309
2016-02-08,3,"B",37,"w","B-37",56.9,4.11,4.31,4.21,2.40683194071528,1.25956040504374,3.20757806101015,721.739804469415
2016-02-08,3,"B",38,"w","B-38",50.9,4.66,4.79,4.725,2.40468167755552,1.72914193800644,4.05717480206941,814.23140736945
2016-02-08,3,"B",39,"w","B-39",44.7,3.99,3.82,3.905,1.41369949166126,1.22489620521644,2.7478873607418,577.041472292302
2016-02-08,3,"B",40,"w","B-40",36.4,3.07,3.38,3.225,0.730302563178746,0.904360190490597,1.8577065884235,394.491253569051
2016-02-08,3,"B",41,"w","B-41",38.7,2.91,2.96,2.935,0.694905090656326,0.710108346540594,1.53318391556398,352.625622355095
2016-02-08,3,"B",42,"w","B-42",40,3.33,3.14,3.235,0.861376597973445,0.862970161921327,1.87035935028891,413.98342874452
2016-02-08,3,"B",43,"w","B-43",51.3,3.71,3.73,3.72,1.64994973883301,1.01807825888069,2.49045761491754,572.044553039569
2016-02-08,3,"B",44,"w","B-44",57.4,4.55,4.52,4.535,2.75774660501142,1.47567528101135,3.73341389401494,809.657204993764
2016-02-08,3,"B",45,"w","B-45",40.4,3.19,3.17,3.18,0.851886883990902,0.826381634903404,1.806125556222,405.391779491523
2016-02-29,3,"B",45,"w","B-45",69,6.01,6.28,6.145,6.18504434779757,2.59013586811027,6.94679590420256,1386.89000675355
2016-02-29,3,"B",32,"w","B-32",83,5.93,5.85,5.89,7.89695186566494,2.12450079418202,6.37703162504521,1418.04942011251
2016-02-29,3,"B",40,"w","B-40",81,5.51,5.32,5.415,6.60602157868747,1.79092363015059,5.3708135704524,1236.89667415382
2016-02-29,3,"B",41,"w","B-41",70.5,6,6.04,6.02,6.20349999325164,2.44571490338226,6.66216735546778,1358.47045496531
2016-02-29,3,"B",43,"w","B-43",80,5.56,5.25,5.405,6.44876865043953,1.79631619027141,5.35026013459936,1226.42618187496
2016-02-29,3,"B",35,"w","B-35",67.5,6.53,6.57,6.55,6.61220899246998,3.01741625148302,7.91240462768266,1509.96676091373
2016-02-29,3,"B",42,"w","B-42",76.5,6.11,6.33,6.22,7.51571806007149,2.50843734007529,7.12458958371656,1481.22702899003
2016-02-29,3,"B",33,"w","B-33",77.5,6.37,6.21,6.29,7.82467040705553,2.55193689102066,7.28965608700452,1515.22872481604
2016-01-08,4,"B",46,"d","B-46",16.8,1.23,1.38,1.305,0.0489580181975274,0.0802840059382859,0.213599000539916,56.5590450470695
2016-01-08,4,"B",47,"d","B-47",12.2,0.95,0.98,0.965,0.0151072905548339,0.0373719867163595,0.0928465304737355,27.827116152412
2016-01-08,4,"B",48,"d","B-48",13.3,1.05,1.01,1.03,0.0206479909415881,0.0447228172888822,0.113977660112056,32.8862703468673
2016-01-08,4,"B",49,"d","B-49",12.5,0.85,0.91,0.88,0.0159643605522928,0.0327685903240176,0.0859988410798718,24.717669721565
2016-01-08,4,"B",50,"d","B-50",13.7,1.04,0.99,1.015,0.0227346724743224,0.0447520258808091,0.116906841376492,32.9481168386232
2016-01-08,4,"B",51,"d","B-51",12.2,0.96,1.01,0.985,0.0151993482726504,0.0386555177485947,0.0951896897403337,28.6949418007528
2016-01-08,4,"B",52,"d","B-52",11.3,0.79,0.98,0.885,0.0113513034843783,0.0303963105924579,0.0747449524783675,22.9839928835095
2016-01-08,4,"B",53,"d","B-53",14.3,0.84,0.87,0.855,0.0249940237169155,0.0349749273022503,0.101032741349667,26.3801671775636
2016-01-08,4,"B",54,"d","B-54",16.8,0.93,0.99,0.96,0.0447028562908747,0.0484321954120686,0.147093515429799,35.7178827693647
2016-01-08,4,"B",55,"d","B-55",12.1,0.85,0.86,0.855,0.0141736953147847,0.0304110445877861,0.0791941975263206,23.0624388033389
2016-01-08,4,"B",56,"d","B-56",11,0.75,0.78,0.765,0.00992257958584856,0.0233813269718659,0.0602086596514562,18.0836870908205
2016-01-08,4,"B",57,"d","B-57",12,0.86,0.95,0.905,0.0140137595669556,0.0331623581081755,0.0838355004519779,24.9434476064996
2016-01-08,4,"B",58,"d","B-58",10,0.89,0.94,0.915,0.00757007469452778,0.0289885367604499,0.0651315293815061,21.8974782878853
2016-01-08,4,"B",59,"d","B-59",13.3,0.93,1,0.965,0.0202532066239879,0.0401723398140365,0.105298823894708,29.8286158704224
2016-01-08,4,"B",60,"d","B-60",11.4,0.9,0.72,0.81,0.0113932922896473,0.0264676882231571,0.0679882569146718,20.2735568129237
2016-01-18,4,"B",46,"d","B-46",25.1,2.06,2.08,2.07,0.21939795452677,0.240100698711272,0.671789469519529,155.862228252314
2016-01-18,4,"B",47,"d","B-47",16.5,1.33,1.21,1.27,0.0456830947074715,0.0756211984641074,0.201300961146814,53.5217846258093
2016-01-18,4,"B",48,"d","B-48",23,1.66,1.66,1.66,0.152754426778549,0.155177908739888,0.452315877681426,104.39975525719
2016-01-18,4,"B",49,"d","B-49",17.5,1.42,1.31,1.365,0.0569908508270749,0.0894549324893778,0.239422226873724,62.5161021126537
2016-01-18,4,"B",50,"d","B-50",20,1.72,1.74,1.73,0.0962056427693835,0.147758942342806,0.387924592089044,99.2471045810495
2016-01-18,4,"B",51,"d","B-51",19.5,1.52,1.59,1.555,0.0855358490104759,0.121369200626821,0.328431283840282,82.8960900343362
2016-01-18,4,"B",52,"d","B-52",13.6,0.83,0.89,0.86,0.021114061784676,0.0338595379008993,0.094571813342394,25.5582556561959
2016-01-18,4,"B",53,"d","B-53",17.7,1.43,1.35,1.39,0.0595521539987061,0.093048679625324,0.248849084008196,64.8280044038011
2016-01-18,4,"B",54,"d","B-54",22,1.44,1.5,1.47,0.126708916360362,0.122396909522808,0.365727355940624,83.9723604598676
2016-01-18,4,"B",55,"d","B-55",17,1.27,1.23,1.25,0.0503196743525489,0.0755348460608473,0.206239194987999,53.535466441995
2016-01-18,4,"B",56,"d","B-56",19.5,1.51,1.57,1.54,0.0852906593653057,0.119447974256215,0.324586022678354,81.7018576792894
2016-01-18,4,"B",57,"d","B-57",15,1.08,1.07,1.075,0.031460278811673,0.0530670510203219,0.143067725010979,38.6231238541877
2016-01-18,4,"B",58,"d","B-58",16.8,1.12,1.16,1.14,0.0470368350037807,0.064267499828402,0.181247704365826,46.1972804268956
2016-01-18,4,"B",59,"d","B-59",17.6,1.4,1.38,1.39,0.0584174055078871,0.0926084625670589,0.246802091797582,64.5331584972474
2016-01-18,4,"B",60,"d","B-60",14.8,0.99,1.03,1.01,0.0295084160114765,0.0473539799584013,0.130056632517629,34.8021610965955
2016-01-28,4,"B",46,"d","B-46",41.3,2.66,2.74,2.7,1.28764003500568,0.564120570925585,1.91750124123571,346.338996263848
2016-01-28,4,"B",47,"d","B-47",27.7,1.79,1.8,1.795,0.293935013943651,0.206213346732657,0.652264142402474,136.302834905877
2016-01-28,4,"B",48,"d","B-48",38.5,2.38,2.34,2.36,0.974887196703637,0.426218657327414,1.46983386304962,267.586962538059
2016-01-28,4,"B",49,"d","B-49",29.6,2.41,2.48,2.445,0.403490111852178,0.362550126220774,1.04591470604521,228.356134597014
2016-01-28,4,"B",50,"d","B-50",27.6,1.86,1.85,1.855,0.293188393255703,0.217024147703739,0.675278685767378,142.763868734489
2016-01-28,4,"B",51,"d","B-51",38,2.68,2.83,2.755,0.976295481389504,0.543897347690409,1.74040639279135,333.82112281797
2016-01-28,4,"B",52,"d","B-52",21,1.98,1.82,1.9,0.116736456367506,0.179597195830107,0.46676416042336,118.770227043212
2016-01-28,4,"B",53,"d","B-53",29.5,2.02,2.02,2.02,0.376949647290657,0.264014512172367,0.825273135014889,171.113040196957
2016-01-28,4,"B",54,"d","B-54",31.5,1.97,1.93,1.95,0.466104142878555,0.263183968156569,0.870002190133281,171.109520306857
2016-01-28,4,"B",55,"d","B-55",27.5,1.52,1.54,1.53,0.273539611043177,0.157574182589945,0.531554847728975,106.688483280694
2016-01-28,4,"B",56,"d","B-56",32.5,2.65,2.55,2.6,0.564379878968812,0.433796859114368,1.29153665559864,269.919815254497
2016-01-28,4,"B",57,"d","B-57",20.7,1.5,1.54,1.52,0.104060899665401,0.122897163189149,0.348532156588007,84.0620813352997
2016-01-28,4,"B",58,"d","B-58",29.2,2.3,2,2.15,0.370878433374569,0.290068973263797,0.87707458566581,186.321239788204
2016-01-28,4,"B",59,"d","B-59",27.6,1.78,1.79,1.785,0.289867394069569,0.203708044280531,0.64444493796592,134.774878951861
2016-01-28,4,"B",60,"d","B-60",27.2,1.84,1.88,1.86,0.279231411022824,0.215340474420969,0.663224106406731,141.666536271254
2016-02-08,4,"B",46,"d","B-46",44.2,3.19,3.19,3.19,1.70341180091616,0.785715160874853,2.59238749461244,469.505945612088
2016-02-08,4,"B",47,"d","B-47",38.5,2.64,2.67,2.655,1.00949282309975,0.517412095824737,1.69596925408975,319.185488226473
2016-02-08,4,"B",48,"d","B-48",45.3,2.79,2.82,2.805,1.78249576960822,0.64900984819305,2.29825035757121,395.010269066347
2016-02-08,4,"B",49,"d","B-49",38.5,3.68,3.76,3.72,1.11553438032029,0.901488703513766,2.55498033814381,528.84636065335
2016-02-08,4,"B",50,"d","B-50",38.2,2.91,2.94,2.925,1.01163452799363,0.602881199355043,1.88611920489117,366.672124725411
2016-02-08,4,"B",51,"d","B-51",43.7,3.72,3.81,3.765,1.72130494425455,1.02237273027302,3.11849329710541,596.232144182214
2016-02-08,4,"B",52,"d","B-52",34.6,3.01,3,3.005,0.728662706851934,0.580151614588786,1.68708770614153,352.561519433205
2016-02-08,4,"B",53,"d","B-53",43.5,3.16,3.07,3.115,1.60220429646389,0.745509542467442,2.46058584713685,447.295421756134
2016-02-08,4,"B",54,"d","B-54",44.1,3.26,3.23,3.245,1.69894022015388,0.806608408562822,2.63806775729326,480.799297519641
2016-02-08,4,"B",55,"d","B-55",43.5,2.62,2.65,2.635,1.52473510862111,0.565999583315392,2.00787318131952,348.170740969359
2016-02-08,4,"B",56,"d","B-56",37.6,3.35,3.21,3.28,0.991767886048485,0.718404288863221,2.11830652467355,429.755593589189
2016-02-08,4,"B",58,"d","B-58",40.3,3.22,3.17,3.195,1.2453717858031,0.72913235325281,2.27007915285309,436.900081719047
2016-02-08,4,"B",59,"d","B-59",40.5,3.15,3.16,3.155,1.26176680045594,0.717131953274236,2.25178830642449,430.44810434573
2016-02-08,4,"B",60,"d","B-60",42.5,3.24,3.23,3.235,1.49721062356572,0.778076937631416,2.49034310783566,464.562363891924
2016-02-29,4,"B",51,"d","B-51",62.5,4.82,4.69,4.755,6.21662608184926,2.02569337977367,6.97712623380424,1127.78087297268
2016-02-29,4,"B",50,"d","B-50",52.8,4.12,4.12,4.12,3.36049992678466,1.38927622868276,4.58412994488424,794.504221135266
2016-02-29,4,"B",59,"d","B-59",61.5,3.81,3.88,3.845,5.5264689579562,1.40879378407588,5.26473657308594,809.988969621607
2016-02-29,4,"B",55,"d","B-55",66.7,3.95,3.87,3.91,7.31646322588954,1.55001936160132,6.04801562574036,886.625196120222
2016-02-29,4,"B",46,"d","B-46",55,3.98,3.79,3.885,3.79358672907821,1.30509163128575,4.53015710727489,751.927726684123
2016-02-29,4,"B",49,"d","B-49",52.5,4.4,4.31,4.355,3.3507006379311,1.51486646191972,4.86317041686454,859.351198679356
2016-02-29,4,"B",54,"d","B-54",65,4.13,4.28,4.205,6.8483080086899,1.70982809797026,6.36278486942695,968.299428651021
2016-02-29,4,"B",60,"d","B-60",61.5,4.21,4.11,4.16,5.65685706761262,1.60376374729061,5.79329429163811,911.326306480459
2016-01-08,4,"B",46,"w","B-46",11.3,0.95,0.89,0.92,0.00961721712053881,0.0334005033862843,0.104926615696893,29.8961626063334
2016-01-08,4,"B",47,"w","B-47",13.3,0.82,0.86,0.84,0.0111993978050361,0.0314856697281439,0.135760006307268,36.4219851362155
2016-01-08,4,"B",48,"w","B-48",10.1,0.92,0.78,0.85,0.00691997145786482,0.0275698574007736,0.0829493668425867,24.0367333561433
2016-01-08,4,"B",49,"w","B-49",13.8,0.98,0.97,0.975,0.0151585894040627,0.0410303211072763,0.154172183468482,42.0191823248173
2016-01-08,4,"B",50,"w","B-50",10.6,0.7,0.83,0.765,0.0063957366480292,0.0238238969354727,0.0867307451109925,24.3548252454517
2016-01-08,4,"B",51,"w","B-51",13.8,0.78,0.76,0.77,0.0104369242002444,0.0278622474212025,0.140089647052221,36.6504815154485
2016-01-08,4,"B",52,"w","B-52",12.4,1,1.07,1.035,0.0137164372545349,0.0426518469337022,0.130185162204289,36.9114386014545
2016-01-08,4,"B",53,"w","B-53",10,0.87,0.95,0.91,0.00756985922619708,0.0306630689696631,0.0837573986376556,24.6262133273579
2016-01-08,4,"B",54,"w","B-54",15.5,1.08,1.09,1.085,0.0221690666406649,0.052134993443274,0.198625776978841,53.4283864647444
2016-01-08,4,"B",55,"w","B-55",14.3,1.04,1.14,1.09,0.0192889482739411,0.0502399434022384,0.172025625263234,47.3384765562141
2016-01-08,4,"B",56,"w","B-56",18,1.22,1.27,1.245,0.0361590062156222,0.0709574034329514,0.275204047582097,72.7854985042859
2016-01-08,4,"B",57,"w","B-57",10.3,0.95,0.96,0.955,0.00862103859693235,0.0337354016885721,0.090101516940073,26.4996876161511
2016-01-08,4,"B",58,"w","B-58",15,1.1,1.04,1.07,0.0204319383523268,0.0500426544069607,0.186141560817278,50.3980055755432
2016-01-08,4,"B",59,"w","B-59",12.4,0.84,0.88,0.86,0.0102341887107544,0.0314803690542488,0.120758660636949,33.1570135169012
2016-01-08,4,"B",60,"w","B-60",11.8,0.86,0.88,0.87,0.0095246459850445,0.0312147480569245,0.11092359318468,30.9330135224639
2016-01-18,4,"B",46,"w","B-46",16,1.26,1.05,1.155,0.0259259712826623,0.0587862223062092,0.215762279122301,58.1647478936246
2016-01-18,4,"B",47,"w","B-47",18.7,1.26,1.32,1.29,0.0409928484070892,0.0768148984306617,0.29913010376139,78.7783163287196
2016-01-18,4,"B",48,"w","B-48",15.2,1.64,1.67,1.655,0.041710816374557,0.103061894759262,0.227564428313945,66.2119189330012
2016-01-18,4,"B",49,"w","B-49",20,1.39,1.46,1.425,0.0542119122001481,0.0938561836495529,0.351687751997821,92.5209225618872
2016-01-18,4,"B",50,"w","B-50",13.2,1.07,1.08,1.075,0.0163163046113837,0.0469847070839542,0.148020009197315,41.5311007267012
2016-01-18,4,"B",51,"w","B-51",16.4,1.03,1.08,1.055,0.0234984115861918,0.0513711123069009,0.217469552337115,57.3248805183801
2016-01-18,4,"B",52,"w","B-52",16.4,1.56,1.59,1.575,0.0442789139911967,0.0990985538243703,0.255869664795291,72.2980237081889
2016-01-18,4,"B",53,"w","B-53",14.8,1.37,1.38,1.375,0.0296434784691067,0.0749388852388466,0.201143453699778,57.0877460653381
2016-01-18,4,"B",54,"w","B-54",23,1.86,1.97,1.915,0.111516817446418,0.16462258532702,0.510447523186418,136.061818366936
2016-01-18,4,"B",55,"w","B-55",23.3,1.54,1.59,1.565,0.0829805421256129,0.11909068977868,0.481452580998648,123.484432895393
2016-01-18,4,"B",56,"w","B-56",24.3,1.79,1.79,1.79,0.110759747481208,0.151924280714121,0.548546927832756,142.367040258977
2016-01-18,4,"B",57,"w","B-57",16.5,1.64,1.71,1.675,0.0493474385140624,0.109992409844304,0.265240201689155,75.6242386841568
2016-01-18,4,"B",58,"w","B-58",19.7,1.55,1.58,1.565,0.0611670105220831,0.108534164295107,0.355475255646509,95.441062016099
2016-01-18,4,"B",59,"w","B-59",15,1.05,1.05,1.05,0.0198313900149692,0.0485181364413886,0.184721754183951,49.8502979466501
2016-01-18,4,"B",60,"w","B-60",13.8,1.06,1.09,1.075,0.017689035549116,0.0481540877565671,0.160403352467789,44.4635917421693
2016-01-28,4,"B",46,"w","B-46",31,2.11,2.12,2.115,0.224455215422876,0.228518196240841,0.91151540942868,227.873014937314
2016-01-28,4,"B",47,"w","B-47",33,2.17,2.1,2.135,0.255231939210488,0.240236715301995,1.02446923666183,252.194437269367
2016-01-28,4,"B",48,"w","B-48",28,2.2,2.18,2.19,0.197119076164845,0.22871173730916,0.769147368308222,198.888575000738
2016-01-28,4,"B",49,"w","B-49",35.3,2.6,2.5,2.55,0.382014712719461,0.333664273765408,1.24362770124048,309.971648242152
2016-01-28,4,"B",50,"w","B-50",19.3,1.61,1.64,1.625,0.0625405038888103,0.114137933359979,0.347806220359079,94.5199338349593
2016-01-28,4,"B",51,"w","B-51",24.7,1.8,1.86,1.83,0.118152564120337,0.158959428272353,0.570065398480174,147.86018124304
2016-01-28,4,"B",52,"w","B-52",30.8,2.63,2.68,2.655,0.31780675781496,0.330590400201519,0.988001521481818,257.376538637766
2016-01-28,4,"B",53,"w","B-53",30.7,1.88,1.82,1.85,0.178455926993451,0.182497538536992,0.848277648609956,207.750138099282
2016-01-28,4,"B",54,"w","B-54",42,2.86,2.84,2.85,0.624614064999664,0.440812868751111,1.78118301481057,431.658856194218
2016-01-28,4,"B",55,"w","B-55",41.5,2.5,2.53,2.515,0.501527165455896,0.356724152161086,1.65679976899895,394.1914639713
2016-01-28,4,"B",56,"w","B-56",38.6,2.59,2.57,2.58,0.457766191170192,0.357358068686907,1.46859926053343,357.961500889262
2016-01-28,4,"B",57,"w","B-57",29.3,2.26,2.28,2.27,0.226559611782528,0.248735428210245,0.847142776533864,217.713521580931
2016-01-28,4,"B",58,"w","B-58",31.2,1.95,2.07,2.01,0.209526920932405,0.210962493640845,0.90331261261797,223.446115586452
2016-01-28,4,"B",59,"w","B-59",25,1.91,1.93,1.92,0.130297948656409,0.173130368350671,0.594103584345777,154.872190976422
2016-01-28,4,"B",60,"w","B-60",23.2,1.74,1.79,1.765,0.0995781328201473,0.14470556461249,0.501617097723771,131.520314475667
2016-02-08,4,"B",46,"w","B-46",55.2,4.11,4.04,4.075,1.80642955551442,0.921525505688033,3.37479473260246,807.68628631447
2016-02-08,4,"B",47,"w","B-47",55,3.74,3.82,3.78,1.59351206869949,0.81306195190598,3.25203014864514,768.994207083434
2016-02-08,4,"B",48,"w","B-48",53.8,3.91,3.9,3.905,1.61170396347848,0.84721277064471,3.16644618792993,757.531706175361
2016-02-08,4,"B",49,"w","B-49",61.6,4.54,4.47,4.505,2.58394140023929,1.15422664105322,4.28584551435379,1012.97228955923
2016-02-08,4,"B",51,"w","B-51",41.6,3.16,3.22,3.19,0.733581396448006,0.52748576018319,1.832563430556,454.053777111185
2016-02-08,4,"B",52,"w","B-52",55.5,4.41,4.53,4.47,2.11167818900638,1.07569933553739,3.53839949948091,859.260183630584
2016-02-08,4,"B",53,"w","B-53",56.5,3.53,3.55,3.54,1.50850821102114,0.741096304539089,3.32441572328105,771.54454711202
2016-02-08,4,"B",54,"w","B-54",60.7,4.63,4.59,4.61,2.60908113431903,1.18894768916004,4.21253726681127,1003.64779619619
2016-02-08,4,"B",55,"w","B-55",64.7,4.1,3.78,3.94,2.28567424481941,0.952045385673373,4.43568610366038,1010.70099088368
2016-02-08,4,"B",56,"w","B-56",60.1,4.42,4.4,4.41,2.38886488742644,1.09949420705582,4.06377274873952,963.394825216047
2016-02-08,4,"B",57,"w","B-57",45.9,4.04,4.02,4.03,1.26936370054219,0.817121015865727,2.40694570015741,604.596250203983
2016-02-08,4,"B",58,"w","B-58",52.4,3.82,3.87,3.845,1.49914422357984,0.814016680400528,3.000172350161,720.992106202038
2016-02-08,4,"B",59,"w","B-59",44.6,3.49,3.47,3.48,0.955328819282231,0.632261002332814,2.15304678872773,531.384095118366
2016-02-08,4,"B",60,"w","B-60",45.5,3.08,3.04,3.06,0.808356071794118,0.517733931814231,2.11869683767565,508.601435128154
2016-02-29,4,"B",54,"w","B-54",88.2,6.4,6.63,6.515,8.88988256716477,2.57757475000057,9.52384270705564,2175.97182410948
2016-02-29,4,"B",49,"w","B-49",88.2,7.02,7.11,7.065,10.1052651174831,2.94390570702477,9.8422729833457,2280.53640585831
2016-02-29,4,"B",53,"w","B-53",87.5,6.44,6.58,6.51,8.75145307366325,2.56301246743864,9.38473870503289,2148.56584842254
2016-02-29,4,"B",58,"w","B-58",80,6.59,6.71,6.65,7.69071539900571,2.52568307986404,8.05062782964189,1895.68230046911
2016-02-29,4,"B",47,"w","B-47",88,5.85,5.92,5.885,7.53823641396117,2.17893976013686,9.10137359238919,2044.3791125812
2016-02-29,4,"B",48,"w","B-48",85,7.34,7.16,7.25,9.84307437973224,3.00922285619664,9.30340553614467,2187.27717771835
2016-02-29,4,"B",59,"w","B-59",82.5,6.79,6.69,6.74,8.30774936467845,2.62628911462455,8.55763057897786,2002.89732673469
2016-02-29,4,"B",56,"w","B-56",86,7.4,6.86,7.13,9.79266445345634,2.94698866376251,9.43803310745961,2205.47704511913
2016-01-08,5,"B",61,"d","B-61",11.8,1.02,0.97,0.995,0.0119595297421409,0.0313257018282208,0.190882005158139,51.9231226747338
2016-01-08,5,"B",62,"d","B-62",16.5,1.05,1.09,1.07,0.0172523132661087,0.0539538017609186,0.214089926787048,63.2603266372756
2016-01-08,5,"B",63,"d","B-63",13.2,1.01,0.96,0.985,0.0117871923193886,0.0366879891098103,0.183201196683041,52.7382547601151
2016-01-08,5,"B",64,"d","B-64",10.3,0.95,1.05,1,0.0118260283729884,0.0257342916643655,0.197304662237849,50.4135564722399
2016-01-08,5,"B",65,"d","B-65",13.8,0.86,0.9,0.88,0.00760022785847351,0.0362290300313064,0.140227605845465,45.2424885400474
2016-01-08,5,"B",66,"d","B-66",12.4,1.14,1.11,1.125,0.0197288252381681,0.036686554717933,0.251477566788451,63.0133055246827
2016-01-08,5,"B",67,"d","B-67",14.2,0.9,0.96,0.93,0.00953415365940093,0.039258033729828,0.158594698753309,49.4445043006389
2016-01-08,5,"B",68,"d","B-68",11.7,0.96,1.01,0.985,0.0114654326326093,0.0307202924808487,0.18673266422818,51.0415033006136
2016-01-08,5,"B",69,"d","B-69",14.2,0.95,0.89,0.92,0.00913226479329947,0.0389654136884064,0.154684612465289,48.6665407748838
2016-01-08,5,"B",70,"d","B-70",14.2,1.15,1.03,1.09,0.0179443659710483,0.043816817995944,0.228816282789217,62.4101717918061
2016-01-08,5,"B",71,"d","B-71",10,1.03,0.93,0.98,0.010837807340321,0.0242967356001592,0.18919483041007,48.5507792994536
2016-01-08,5,"B",72,"d","B-72",12.2,0.88,0.99,0.935,0.0094065863325216,0.0315147818643275,0.164475408751461,47.8256626307469
2016-01-08,5,"B",73,"d","B-73",13.1,0.92,0.97,0.945,0.00997538251183904,0.0352536057918568,0.166677451472008,49.5243369530683
2016-01-08,5,"B",74,"d","B-74",15.2,0.95,0.93,0.94,0.0101057119019534,0.0437158527865301,0.160818593056705,51.1616187492662
2016-01-08,5,"B",75,"d","B-75",13.4,0.98,1.02,1,0.0125619331347803,0.0379033603196231,0.189256614851928,54.1408460551167
2016-01-18,5,"B",61,"d","B-61",19,1.36,1.44,1.4,0.0519962018313452,0.0799805142615193,0.389469843493143,97.4990828845903
2016-01-18,5,"B",62,"d","B-62",30.5,1.9,1.87,1.885,0.189562060452532,0.197189583995445,0.7181885785844,171.486644839721
2016-01-18,5,"B",63,"d","B-63",22.5,1.5,1.45,1.475,0.066543281076305,0.106348841952916,0.427745197301563,110.193021254263
2016-01-18,5,"B",64,"d","B-64",23.6,1.74,1.7,1.72,0.124083485359153,0.126889248058306,0.605349025185712,139.853520535089
2016-01-18,5,"B",65,"d","B-65",19.3,1.17,1.24,1.205,0.0287101002319909,0.0737762115138064,0.274776265563686,78.5752643797043
2016-01-18,5,"B",66,"d","B-66",26,1.92,1.87,1.895,0.186637531134819,0.156475977774444,0.745619929939696,165.503392836781
2016-01-18,5,"B",67,"d","B-67",25.6,1.7,1.66,1.68,0.11510924488017,0.140716226106497,0.566000683222459,138.120978265887
2016-01-18,5,"B",68,"d","B-68",24.7,1.78,1.7,1.74,0.131296904427483,0.136778114188906,0.617259621471629,144.013223464272
2016-01-18,5,"B",69,"d","B-69",16.5,1.33,1.37,1.35,0.0435507163247794,0.0633700951205096,0.366185292077721,88.9653545039098
2016-01-18,5,"B",70,"d","B-70",27.1,1.73,1.69,1.71,0.12514273055553,0.154902181583882,0.584322394482619,143.9593827571
2016-01-18,5,"B",71,"d","B-71",18.2,1.62,1.63,1.625,0.093223905562604,0.0832305951374346,0.553208421955922,119.91823211339
2016-01-18,5,"B",72,"d","B-72",18.8,1.62,1.72,1.67,0.104717094042527,0.0889659117195858,0.586208885265756,125.923479621054
2016-01-18,5,"B",73,"d","B-73",20,1.23,1.38,1.305,0.0397660108356985,0.0821577131753468,0.328457813723501,89.180861347234
2016-01-18,5,"B",74,"d","B-74",26,1.56,1.63,1.595,0.0939354957824076,0.138882923650474,0.500822698362687,128.530794303056
2016-01-18,5,"B",75,"d","B-75",18.6,1.35,1.35,1.35,0.0447644074845682,0.0755882838642752,0.359307053535765,91.902191459389
2016-01-28,5,"B",61,"d","B-61",31.7,1.91,1.95,1.93,0.2100936140217,0.212148128852357,0.753780417162402,179.392442019826
2016-01-28,5,"B",62,"d","B-62",43,2.74,2.61,2.675,0.827063394068101,0.416497781750203,1.52630577083312,314.53254535227
2016-01-28,5,"B",63,"d","B-63",43.3,2.35,2.36,2.355,0.498661197032328,0.385268325902201,1.13604077084737,261.404525802554
2016-01-28,5,"B",64,"d","B-64",40.2,2.24,2.29,2.265,0.419748861216278,0.336180722612093,1.05056742895005,241.959161869414
2016-01-28,5,"B",65,"d","B-65",36.1,2.57,2.63,2.6,0.709431713502676,0.315700160374741,1.46942077103303,287.710072397874
2016-01-28,5,"B",66,"d","B-66",40.5,2.57,2.56,2.565,0.690117495580348,0.37043218443202,1.39845680362387,290.978786652983
2016-01-28,5,"B",67,"d","B-67",39.5,2.49,2.52,2.505,0.624426690157891,0.351249155549385,1.32932394861289,279.150210116203
2016-01-28,5,"B",68,"d","B-68",41.4,2.58,2.59,2.585,0.715402786886094,0.384672186058459,1.41881987197479,296.072013890421
2016-01-28,5,"B",69,"d","B-69",33.8,1.94,1.97,1.955,0.224424779344708,0.235236473601499,0.768674078765964,186.018326371287
2016-01-28,5,"B",70,"d","B-70",47,2.86,2.87,2.865,1.10947524441077,0.497836240504062,1.7633588751223,356.331771134484
2016-01-28,5,"B",71,"d","B-71",33,2.16,2.17,2.165,0.335122373297683,0.243702830455323,0.976580600461479,214.653603643393
2016-01-28,5,"B",72,"d","B-72",31.5,2.33,2.39,2.36,0.467489055631232,0.24157260456717,1.20058120291936,240.549642129741
2016-01-28,5,"B",73,"d","B-73",33,2.11,2.17,2.14,0.319970145094672,0.241751841899216,0.950737548931749,211.02730690844
2016-01-28,5,"B",74,"d","B-74",48.8,2.18,2.17,2.175,0.373387119779828,0.434803455536781,0.927762340936299,240.28974104823
2016-01-28,5,"B",75,"d","B-75",31,1.76,1.78,1.77,0.148069876598417,0.193355925165506,0.619432634917484,157.051072581268
2016-02-08,5,"B",61,"d","B-61",39.1,2.44,2.53,2.485,0.603391068102661,0.344112701622602,1.30704845761908,275.126634838927
2016-02-08,5,"B",62,"d","B-62",46.7,2.84,2.77,2.805,1.01826994250329,0.485995948834154,1.68095501815842,344.839252073562
2016-02-08,5,"B",63,"d","B-63",54.8,2.96,2.75,2.855,1.13336055878211,0.622545835059343,1.70718171164118,369.576621467283
2016-02-08,5,"B",64,"d","B-64",47.4,2.8,2.98,2.89,1.15078233271382,0.507124109711585,1.79668082868684,361.732451220231
2016-02-08,5,"B",65,"d","B-65",47.2,3.18,3.06,3.12,1.55974869201489,0.531406713102249,2.14563130509279,404.274108891288
2016-02-08,5,"B",66,"d","B-66",42,2.76,2.68,2.72,0.879135912563313,0.406993345652551,1.59216771119764,320.275327977773
2016-02-08,5,"B",67,"d","B-67",42.7,2.8,2.94,2.87,1.09288267579069,0.432798379220704,1.79756604888242,348.071756790693
2016-02-08,5,"B",68,"d","B-68",45.2,2.83,2.69,2.76,0.947609982885286,0.458042408992725,1.62772699679424,333.786944336192
2016-02-08,5,"B",69,"d","B-69",49.1,2.93,2.97,2.95,1.25908484065268,0.541765801044927,1.87350842423157,376.380849913925
2016-02-08,5,"B",70,"d","B-70",53.8,2.89,2.96,2.925,1.24291047787646,0.616141682369169,1.81066038382734,381.037943963409
2016-02-08,5,"B",71,"d","B-71",39,2.85,2.77,2.81,0.983988169299968,0.373254867065848,1.73671221483497,329.258724354773
2016-02-08,5,"B",72,"d","B-72",40.1,2.89,2.85,2.87,1.07724283155544,0.394578116104386,1.81552942287573,342.193916471654
2016-02-08,5,"B",73,"d","B-73",45,2.86,2.89,2.875,1.11381404323205,0.468102021917911,1.78988067802677,353.960340649732
2016-02-08,5,"B",74,"d","B-74",54.3,2.77,2.86,2.815,1.06916363694426,0.608236236466165,1.65485617047327,361.107260208783
2016-02-29,5,"B",73,"d","B-73",65,3.96,4.02,3.99,4.47162533187981,1.00895570987673,3.59926597209596,632.482959777091
2016-02-29,5,"B",69,"d","B-69",75,4.2,3.99,4.095,5.12464825595803,1.2680636307661,3.73616684937801,683.039431503849
2016-02-29,5,"B",70,"d","B-70",72.3,3.97,4.02,3.995,4.60508778148156,1.18107342551004,3.54938697210375,652.196067774481
2016-02-29,5,"B",67,"d","B-67",57,3.61,3.53,3.57,2.78580204811532,0.770017146323116,2.84250453122505,518.471432976998
2016-02-29,5,"B",61,"d","B-61",54,3.49,3.39,3.44,2.37348932693034,0.693098485468105,2.63159171999535,483.867865704788
2016-02-29,5,"B",66,"d","B-66",58.5,3.6,3.59,3.595,2.8814539820397,0.803895929097258,2.8768272094943,527.507904468266
2016-02-29,5,"B",74,"d","B-74",70.2,3.73,3.68,3.705,3.38783390046866,1.0734649377817,2.99644038967549,579.290402829896
2016-02-29,5,"B",64,"d","B-64",63.5,4.01,4.17,4.09,4.90867969575257,0.991721209205003,3.82509944037161,651.734046319212
2016-01-08,5,"B",61,"w","B-61",15,1.01,1.05,1.03,0.0129796090266847,0.0228601668310658,0.0737370058046367,21.8932801843548
2016-01-08,5,"B",62,"w","B-62",13.3,0.9,1.03,0.965,0.00889229133861123,0.0187955361474086,0.0583190918044323,17.4101457380602
2016-01-08,5,"B",63,"w","B-63",14.1,1.07,1.08,1.075,0.0121280958252807,0.0244125808214372,0.0748474628057286,21.5750315208233
2016-01-08,5,"B",64,"w","B-64",10.9,1.07,1,1.035,0.0063908354277309,0.0200393711357373,0.0542726069694998,15.1596195721947
2016-01-08,5,"B",65,"w","B-65",8.5,0.57,0.64,0.605,0.00149950728073612,0.00556085585510257,0.0163493846082832,5.47843955582515
2016-01-08,5,"B",66,"w","B-66",10.9,0.9,0.92,0.91,0.00516101084887296,0.0151341555504176,0.0431736992345707,12.7368149974235
2016-01-08,5,"B",67,"w","B-67",9.5,0.99,0.99,0.99,0.00436026803862561,0.0171070509526042,0.0437871646888733,12.1511749746662
2016-01-08,5,"B",68,"w","B-68",11.7,1.05,1.08,1.065,0.00785588352346139,0.0220118178785965,0.0612341442523428,17.1205095865086
2016-01-08,5,"B",69,"w","B-69",12.5,1.03,1.05,1.04,0.00876048460519535,0.0215254573906356,0.0626618346510681,17.9149010411216
2016-01-08,5,"B",70,"w","B-70",14.3,0.96,1,0.98,0.0107348425877743,0.0200767745372071,0.0643855958633173,19.353270769938
2016-01-08,5,"B",71,"w","B-71",12.8,1.06,1.14,1.1,0.0101412969589872,0.0245852020267331,0.0708707353295663,19.8718813325956
2016-01-08,5,"B",72,"w","B-72",12.4,1,0.97,0.985,0.00786168046752386,0.0190514713315966,0.0564438085635133,16.4892919603106
2016-01-08,5,"B",73,"w","B-73",10.4,0.89,0.87,0.88,0.00439331443715272,0.013775795945344,0.0388343115715387,11.5204659961468
2016-01-08,5,"B",74,"w","B-74",14.4,1.05,1.09,1.07,0.0126168350270615,0.0243933444334213,0.0757881717972453,21.9748088527787
2016-01-08,5,"B",75,"w","B-75",10.3,0.92,0.99,0.955,0.00492446461550699,0.0163954853421161,0.0444849711959454,12.7236203547024
2016-01-18,5,"B",61,"w","B-61",23.8,1.6,1.58,1.59,0.0752161791327519,0.0723919604055631,0.251597398681262,67.6582074882568
2016-01-18,5,"B",62,"w","B-62",17.3,1.31,1.42,1.365,0.0285351514120158,0.0450227898589509,0.140026044438857,37.8754821346869
2016-01-18,5,"B",63,"w","B-63",23.3,1.83,1.9,1.865,0.0934679364194087,0.101554228488786,0.327156653837131,81.8936038889605
2016-01-18,5,"B",64,"w","B-64",26,1.56,1.62,1.59,0.0917237483116669,0.0753005234054132,0.274535261940358,75.0426207200799
2016-01-18,5,"B",65,"w","B-65",14.3,0.99,1.05,1.02,0.0114721862342773,0.0219073596037629,0.0691307858061264,20.4296221925802
2016-01-18,5,"B",66,"w","B-66",21.8,1.46,1.47,1.465,0.053915266699943,0.0582296017328822,0.19947055644008,54.6445315654851
2016-01-18,5,"B",67,"w","B-67",19,1.51,1.6,1.555,0.0437240720247015,0.0623763352095338,0.193635543425689,50.4227323077725
2016-01-18,5,"B",68,"w","B-68",22,2.06,1.9,1.98,0.0907524112702644,0.112789825259402,0.343828030522782,83.0222440461023
2016-01-18,5,"B",69,"w","B-69",17,1.43,1.41,1.42,0.0292966632628505,0.048693071227076,0.147640667468569,39.1441922747977
2016-01-18,5,"B",70,"w","B-70",21.3,1.48,1.51,1.495,0.0529316690877946,0.0602360135323719,0.202107667475102,54.6576110304803
2016-01-18,5,"B",71,"w","B-71",18.7,1.49,1.56,1.525,0.0408469203187216,0.0593589454383741,0.184130233192714,48.2038055179579
2016-01-18,5,"B",72,"w","B-72",19.7,1.17,1.24,1.205,0.0310519488274831,0.0363470435929382,0.127538986925138,37.257015316176
2016-01-18,5,"B",73,"w","B-73",23.5,1.69,1.6,1.645,0.0773520483627539,0.0775263178626707,0.263949714651264,69.7986219708994
2016-01-18,5,"B",74,"w","B-74",22.5,1.48,1.55,1.515,0.061195385249538,0.0635404479449626,0.218439841457802,59.3400524199369
2016-01-18,5,"B",75,"w","B-75",17.5,1.2,1.24,1.22,0.0242992967875744,0.0354220833931425,0.115995356916854,32.9777289715413
2016-01-28,5,"B",61,"w","B-61",40.5,2.44,2.47,2.455,0.510182337297728,0.236618543317347,0.920211873832292,227.021750851134
2016-01-28,5,"B",62,"w","B-62",28.8,1.81,1.85,1.83,0.145730944730227,0.107092492194873,0.389904541754455,102.318448187531
2016-01-28,5,"B",63,"w","B-63",40,2.41,2.38,2.395,0.476182569041204,0.222949265473202,0.869886317643026,216.375335215819
2016-01-28,5,"B",64,"w","B-64",44.5,2.64,2.61,2.625,0.70438630955874,0.28556054141034,1.13747485541157,277.545687331845
2016-01-28,5,"B",65,"w","B-65",29.7,1.32,1.35,1.335,0.092490852345751,0.0545703878573894,0.229445911712123,69.2310895428272
2016-01-28,5,"B",66,"w","B-66",42.5,1.98,1.91,1.945,0.38616396019945,0.145475120434683,0.637944572255595,175.295335681441
2016-01-28,5,"B",67,"w","B-67",36.5,2.8,2.87,2.835,0.513047678767387,0.309210337457944,1.0725477548275,244.181707625171
2016-01-28,5,"B",68,"w","B-68",40.3,3.08,3.06,3.07,0.731337290720598,0.384463543683885,1.36251033923537,305.422007346278
2016-01-28,5,"B",69,"w","B-69",29,2.17,2.11,2.14,0.191934082606777,0.151125322242121,0.518476691948364,127.474770180508
2016-01-28,5,"B",70,"w","B-70",36.2,1.87,1.88,1.875,0.253489216883904,0.125032112133124,0.510179295823237,138.226806273834
2016-01-28,5,"B",71,"w","B-71",35.2,2.29,2.27,2.28,0.329376455802532,0.189171946037738,0.702566972118912,174.27989197843
2016-01-28,5,"B",72,"w","B-72",31.5,1.86,1.76,1.81,0.174971808666814,0.108815155064906,0.417716731392453,111.968481819732
2016-01-28,5,"B",73,"w","B-73",44.3,2.37,2.4,2.385,0.594666973965596,0.231206511420359,0.954978761674308,242.496270510887
2016-01-28,5,"B",74,"w","B-74",29.5,2.26,2.25,2.255,0.217551552554838,0.170698377460297,0.578713546848028,139.597790951232
2016-01-28,5,"B",75,"w","B-75",33,2.3,2.28,2.29,0.287042103105598,0.185572689700689,0.664363288548749,162.546860163584
2016-02-08,5,"B",61,"w","B-61",61.7,3.98,4.06,4.02,2.97636511426833,0.836880581344325,3.349773036608,724.512183517154
2016-02-08,5,"B",62,"w","B-62",49.6,2.83,2.85,2.84,1.02408381861319,0.355849199568983,1.45618340453259,350.590756161184
2016-02-08,5,"B",63,"w","B-63",58.7,4,3.81,3.905,2.53614386459851,0.768289162338241,3.02863576408339,657.096235665026
2016-02-08,5,"B",64,"w","B-64",67.4,3.81,3.85,3.83,3.34881636698521,0.78324411322947,3.35358734498995,752.591575927681
2016-02-08,5,"B",66,"w","B-66",61.4,3,2.86,2.93,1.74118714549496,0.418905796917382,1.90006853135662,469.600961233252
2016-02-08,5,"B",67,"w","B-67",51.4,3.66,3.69,3.675,1.70199981208141,0.634341812624871,2.38488682590442,518.066191018218
2016-02-08,5,"B",68,"w","B-68",58.2,4.49,4.46,4.475,3.11956613451051,1.03023055953814,3.82613290448512,782.225182558642
2016-02-08,5,"B",69,"w","B-69",48.3,3.81,3.59,3.7,1.49698884339599,0.62619341766394,2.2700759038762,486.088393190747
2016-02-08,5,"B",70,"w","B-70",50.9,3.24,2.21,2.725,1.01330946234136,0.328939506233953,1.38801725283671,341.725786958558
2016-02-08,5,"B",71,"w","B-71",52.9,3.37,3.36,3.365,1.56834935963186,0.530164423016823,2.09781190693119,475.600721751098
2016-02-08,5,"B",72,"w","B-72",45.1,2.09,2.01,2.05,0.481462606244886,0.167526763865383,0.74271141878205,201.779876000851
2016-02-08,5,"B",73,"w","B-73",62.9,3.49,3.78,3.635,2.62941093657154,0.677681825307803,2.85466372231209,646.688008888209
2016-02-08,5,"B",74,"w","B-74",41,3.66,3.6,3.63,1.0040077069173,0.558352284317366,1.86666879488649,390.942969756979
2016-02-08,5,"B",75,"w","B-75",51.8,3.89,3.88,3.885,1.89928508279355,0.718560512303462,2.65270066771447,563.613029943301
2016-02-29,5,"B",71,"w","B-71",89,5.38,5.19,5.285,10.6674185084914,1.7894484353265,7.82047168389313,1611.44808399039
2016-02-29,5,"B",69,"w","B-69",67,6.6,6.5,6.55,8.05504385509451,2.51798942476722,8.65358073393065,1544.61797400376
2016-02-29,5,"B",61,"w","B-61",100,7.06,7.29,7.175,23.0209052741465,3.67180410680779,15.1074612559695,2793.52191603409
2016-02-29,5,"B",64,"w","B-64",107,6.31,6.19,6.25,21.3073854234066,2.80044654342751,12.6369263705388,2508.89566684873
2016-02-29,5,"B",74,"w","B-74",55,5.89,5.72,5.805,4.23284354676756,1.77208801118041,5.74643231153432,1040.99627039667
2016-02-29,5,"B",70,"w","B-70",71.5,5.31,5.08,5.195,6.34281166149088,1.56344914562718,6.11137291641758,1218.19876442559
2016-02-29,5,"B",63,"w","B-63",89,6.17,6.19,6.18,13.8319274006463,2.5171923739536,10.3277028806976,1991.31148958366
2016-02-29,5,"B",73,"w","B-73",97,6.38,6.29,6.335,17.4839876369522,2.76081601934233,11.7494405251689,2277.68098867648
2016-01-08,6,"B",76,"d","B-76",11.7,1.12,1.21,1.165,0.00952237601182218,0.0451712757549617,0.0826426295798712,24.7955871965169
2016-01-08,6,"B",77,"d","B-77",11.9,0.93,1.12,1.025,0.00540429410558877,0.0379462678723768,0.0596991598083118,16.2768210366117
2016-01-08,6,"B",78,"d","B-78",17,1.38,1.34,1.36,0.027994237132144,0.0726220795181656,0.147749164255992,38.3574003225898
2016-01-08,6,"B",79,"d","B-79",13.8,0.96,0.97,0.965,0.00476016388177729,0.0383968579452612,0.0547569729890059,13.0088754125653
2016-01-08,6,"B",80,"d","B-80",14.4,1.05,1.01,1.03,0.00668466843049816,0.043424396075731,0.0662136582047595,15.9670014294915
2016-01-08,6,"B",81,"d","B-81",11.9,0.82,0.84,0.83,0.00206605959600606,0.0279432544384341,0.034466188249998,8.17515097227749
2016-01-08,6,"B",82,"d","B-82",11.5,0.85,0.81,0.83,0.00199669830740057,0.0273102451028286,0.0339089813981543,8.22676111509032
2016-01-08,6,"B",83,"d","B-83",11.2,0.85,0.78,0.815,0.00178960166057277,0.0261304573239662,0.0319318094867106,7.78922765177327
2016-01-08,6,"B",84,"d","B-84",11.3,0.89,0.77,0.83,0.001962016528599,0.0269910221309273,0.0336265731140626,8.25336972214835
2016-01-08,6,"B",85,"d","B-85",17.2,1.2,1.1,1.15,0.0131896041213194,0.0573916513784436,0.0960117569154082,22.1415023825963
2016-01-08,6,"B",86,"d","B-86",14.9,1.03,1.13,1.08,0.00858400996350543,0.0475904643343452,0.0761387027637082,18.5215075386167
2016-01-08,6,"B",87,"d","B-87",12.8,0.77,0.82,0.795,0.00182602589852724,0.0275654075266044,0.0318990643919935,7.00821142437055
2016-01-08,6,"B",88,"d","B-88",12,1.2,1.05,1.125,0.00832889179471389,0.0436745780166948,0.0763740343395159,22.0208571708432
2016-01-08,6,"B",89,"d","B-89",11.3,1,0.95,0.975,0.00408631788140679,0.0340892266144747,0.051134897092302,13.9581294224603
2016-01-08,6,"B",90,"d","B-90",15.8,1.07,1.1,1.085,0.0092954289778886,0.0498308663940491,0.079244537480936,18.6009220779299
2016-01-18,6,"B",76,"d","B-76",22.7,1.57,1.67,1.62,0.0829244161498349,0.113604689460035,0.267405441992902,64.3685327046552
2016-01-18,6,"B",77,"d","B-77",22.4,1.28,1.26,1.27,0.0269913326334631,0.0791108733338207,0.14100198669038,29.1583069942377
2016-01-18,6,"B",78,"d","B-78",33.4,2.32,2.28,2.3,0.60223979332258,0.244633041814481,0.800510087494835,188.160973571522
2016-01-18,6,"B",79,"d","B-79",21.6,1.5,1.51,1.505,0.0564187128440123,0.0987571415289949,0.21559540728647,51.084188809353
2016-01-18,6,"B",80,"d","B-80",20,1.79,1.96,1.875,0.142245807868966,0.129002726891014,0.368318250754756,106.163450777231
2016-01-18,6,"B",81,"d","B-81",24.3,1.64,1.49,1.565,0.075835574095606,0.113101446815044,0.252476468477607,56.7905903739768
2016-01-18,6,"B",82,"d","B-82",19.7,1.29,1.38,1.335,0.0298050250782806,0.0780345385675187,0.151030935752307,35.1375274386783
2016-01-18,6,"B",83,"d","B-83",16.7,1.21,1.17,1.19,0.0149657309468844,0.05912820730435,0.103483872166796,24.8899125940565
2016-01-18,6,"B",84,"d","B-84",19.7,1.29,1.34,1.315,0.0278239271080415,0.0763450641573074,0.1452112988047,33.448615964994
2016-01-18,6,"B",85,"d","B-85",28,1.87,1.82,1.845,0.184954314552399,0.157896135097655,0.41461639936415,94.6715249173354
2016-01-18,6,"B",86,"d","B-86",28,1.96,1.96,1.96,0.243624118007217,0.17236524564981,0.485295762293666,115.32259814614
2016-01-18,6,"B",87,"d","B-87",19,1.18,1.17,1.175,0.0160679870583996,0.0632936881758487,0.106474078667793,23.320135504714
2016-01-18,6,"B",88,"d","B-88",23,1.55,1.49,1.52,0.0628475977048442,0.104494213697322,0.227957182719882,52.1581389995076
2016-01-18,6,"B",89,"d","B-89",22.5,1.96,2.11,2.035,0.232367649971287,0.157198494640538,0.482154736924454,135.711160724988
2016-01-18,6,"B",90,"d","B-90",24.4,1.7,1.5,1.6,0.0842216333622927,0.117109524098844,0.267964217417222,60.9950846544297
2016-01-28,6,"B",76,"d","B-76",32.7,2.38,2.39,2.385,0.695660526220848,0.254216783184211,0.870983927160687,212.644965341362
2016-01-28,6,"B",77,"d","B-77",31,2.19,2.16,2.175,0.433353724159847,0.214595678006066,0.667963086380765,158.961872549213
2016-01-28,6,"B",78,"d","B-78",48.6,3.68,3.75,3.715,7.78548988049073,0.630414726836309,3.33494495306665,839.61941078016
2016-01-28,6,"B",79,"d","B-79",38.2,2.02,1.99,2.005,0.368447964339026,0.219358228340556,0.597006028051262,117.28844634817
2016-01-28,6,"B",80,"d","B-80",34,1.49,1.55,1.52,0.0928593610226851,0.135785618601959,0.274645751885424,48.5375644177825
2016-01-28,6,"B",81,"d","B-81",38.8,1.7,1.62,1.66,0.158293632959204,0.168568193024707,0.367895088405542,63.1528317262026
2016-01-28,6,"B",82,"d","B-82",37,2.09,2.06,2.075,0.41729463453576,0.225670945788779,0.64293748139707,131.960182663569
2016-01-28,6,"B",83,"d","B-83",26.8,1.35,1.38,1.365,0.0448505022745112,0.0990517628389528,0.18531471693776,35.6996858189035
2016-01-28,6,"B",84,"d","B-84",29,1.75,1.69,1.72,0.139140665388186,0.146017339314501,0.351233806065513,74.8145912644811
2016-01-28,6,"B",85,"d","B-85",37.2,2.51,2.55,2.53,1.03542386739693,0.301924620996726,1.08001338168276,251.765257213277
2016-01-28,6,"B",86,"d","B-86",42.3,2.5,2.47,2.485,1.08475148652463,0.320619652993744,1.09581597083887,231.894641495784
2016-01-28,6,"B",87,"d","B-87",32,1.39,1.41,1.4,0.0600879379101752,0.115722876056127,0.215400259454328,37.5293533035177
2016-01-28,6,"B",88,"d","B-88",39,2.51,2.48,2.495,1.01870036562681,0.305406751607198,1.06527629724836,238.492835262781
2016-01-28,6,"B",89,"d","B-89",35.5,2.03,2.07,2.05,0.37888279756074,0.215673614623742,0.610796996234153,127.81208203122
2016-01-28,6,"B",90,"d","B-90",38.4,1.76,1.73,1.745,0.196693441661921,0.179973078091904,0.416903698748259,74.4723310152417
2016-02-08,6,"B",76,"d","B-76",33.6,2.53,2.54,2.535,0.943794201112794,0.282825165133914,1.03416434763535,258.184402771605
2016-02-08,6,"B",77,"d","B-77",37.4,2.52,2.53,2.525,1.03164224444539,0.302143542771949,1.0772156757638,249.898416267343
2016-02-08,6,"B",78,"d","B-78",49.6,2.91,2.91,2.91,2.61106189036364,0.448489401935394,1.78316512242804,376.983771144539
2016-02-08,6,"B",79,"d","B-79",44.5,2.17,2.18,2.175,0.621788750998021,0.27342361774026,0.793583958453188,148.729156726259
2016-02-08,6,"B",80,"d","B-80",38.2,1.75,1.77,1.76,0.203452466702539,0.181584144284043,0.425237432735472,76.6554564738203
2016-02-08,6,"B",81,"d","B-81",49.1,2.23,2.17,2.2,0.722648234805721,0.296936653550277,0.856798987515215,151.610866432006
2016-02-08,6,"B",82,"d","B-82",43.7,2.25,2.25,2.25,0.712627695382958,0.283730293212632,0.859340365248243,166.683889498827
2016-02-08,6,"B",84,"d","B-84",34.5,2.11,2.13,2.12,0.429097611275152,0.222139378994027,0.657569623479545,143.364741813516
2016-02-08,6,"B",85,"d","B-85",40,2.63,2.67,2.65,1.37498930034992,0.339002753792667,1.26137461552371,288.982295816295
2016-02-08,6,"B",86,"d","B-86",47,2.64,2.74,2.69,1.72940282463068,0.385989037928515,1.41634319879329,294.586590031629
2016-02-08,6,"B",87,"d","B-87",34.5,1.65,1.78,1.715,0.163312341877222,0.163348742993873,0.378667383391657,71.7758715474948
2016-02-08,6,"B",88,"d","B-88",41.7,2.67,2.62,2.645,1.4210692683521,0.347638498593129,1.28034115531725,285.014910319301
2016-02-08,6,"B",89,"d","B-89",39.4,2.3,2.28,2.29,0.696315334572479,0.271553488231887,0.856334370968479,179.948389271441
2016-02-08,6,"B",90,"d","B-90",42.3,1.97,1.98,1.975,0.38085862192536,0.229790963960895,0.602616902846279,109.582072875606
2016-02-29,6,"B",87,"d","B-87",45,2.04,2.05,2.045,0.474817420706147,0.251927581309136,0.679560526883537,121.382437046753
2016-02-29,6,"B",89,"d","B-89",53,2.62,2.65,2.635,1.77471169995004,0.406006955124368,1.4213015970056,269.358913317069
2016-02-29,6,"B",84,"d","B-84",46.5,2.31,2.38,2.345,0.915458838584058,0.314068743345026,0.985773801203974,188.599458079956
2016-02-29,6,"B",80,"d","B-80",50.7,2.25,2.26,2.255,0.835027093781115,0.314446770318966,0.927757154202375,163.36648206634
2016-02-29,6,"B",78,"d","B-78",56.5,3.19,3.08,3.135,4.17536902903149,0.545208951205932,2.30333439497485,469.313697179819
2016-02-29,6,"B",88,"d","B-88",54,2.73,3.09,2.91,2.84238367297682,0.47477674247105,1.85689518998465,371.132234697638
2016-02-29,6,"B",86,"d","B-86",63.2,2.8,2.82,2.81,2.83608852379852,0.501482563152591,1.82735295124607,321.657380372124
2016-02-29,6,"B",90,"d","B-90",57.5,2.43,2.24,2.335,1.10989139515636,0.359859367056096,1.07870878621813,178.859013800589
2016-01-08,6,"B",76,"w","B-76",16,1.2,1.07,1.135,0.0296899899697985,0.0390706452174647,0.124722414673396,35.4868288460979
2016-01-08,6,"B",77,"w","B-77",13.6,1.16,1.25,1.205,0.0262437985276315,0.0285888074604569,0.10722229074586,29.2192363901518
2016-01-08,6,"B",78,"w","B-78",11.8,0.81,0.88,0.845,0.00929760136152501,0.0216768008045294,0.0600083793685199,18.313761456374
2016-01-08,6,"B",79,"w","B-79",11.3,0.87,0.97,0.92,0.0105347375773087,0.0199592180430612,0.0621957037059955,18.2898654774505
2016-01-08,6,"B",80,"w","B-80",12.7,0.85,0.91,0.88,0.0114737115600251,0.0249821525805722,0.0692244495903502,21.009170330597
2016-01-08,6,"B",81,"w","B-81",10.2,0.73,0.74,0.735,0.00535531274485171,0.0163517429734268,0.042363266710978,13.3611870869348
2016-01-08,6,"B",82,"w","B-82",11.5,0.9,0.86,0.88,0.00978876270568349,0.0206361797203917,0.060629059419056,18.1664490401375
2016-01-08,6,"B",83,"w","B-83",11.8,0.96,1.02,0.99,0.0133488475030432,0.0217097947922485,0.0714405531738808,20.5596070810162
2016-01-08,6,"B",84,"w","B-84",12.4,1.04,1.13,1.085,0.0178152283206368,0.0239063149090638,0.0844373778232805,23.639135365482
2016-01-08,6,"B",85,"w","B-85",11.9,0.99,0.83,0.91,0.0111618757120833,0.022047592080394,0.0658485696787055,19.572852603423
2016-01-08,6,"B",86,"w","B-86",11.4,1.37,1.03,1.2,0.0196009112738917,0.0203525812445939,0.0843204173296021,22.4957764593872
2016-01-08,6,"B",87,"w","B-87",12.4,0.78,0.78,0.78,0.00838397185105143,0.0238306605587576,0.0587092459956149,18.5753317789817
2016-01-08,6,"B",88,"w","B-88",13.8,0.98,1.03,1.005,0.0177486188134448,0.0293526355311279,0.0895288762059761,26.1446634611449
2016-01-08,6,"B",89,"w","B-89",12.9,1.02,1.07,1.045,0.0174183525400454,0.025787727391796,0.0854090659194936,24.3703953231071
2016-01-08,6,"B",90,"w","B-90",12.2,1.05,1.01,1.03,0.0154133016386503,0.0231578391165388,0.0780234135493934,22.2221342227833
2016-01-18,6,"B",76,"w","B-76",22,1.62,1.42,1.52,0.0962951441427918,0.0723387877578814,0.263242538204017,70.0320405693592
2016-01-18,6,"B",77,"w","B-77",23.5,1.56,1.62,1.59,0.118603232660074,0.0821704058051683,0.302099169674549,79.7144045023368
2016-01-18,6,"B",78,"w","B-78",17.4,1.41,1.22,1.315,0.0475228444710071,0.0459842656032232,0.164058584800515,44.6809392225309
2016-01-18,6,"B",79,"w","B-79",20.5,1.51,1.47,1.49,0.0821785255206045,0.0631299059003511,0.234345977267226,62.2374056251573
2016-01-18,6,"B",80,"w","B-80",21.7,1.51,1.61,1.56,0.0999598850168433,0.0704689640596637,0.265957801724991,69.952382225302
2016-01-18,6,"B",81,"w","B-81",25,1.54,1.5,1.52,0.118151914916324,0.0925273397024352,0.312257832660931,84.4530165813946
2016-01-18,6,"B",82,"w","B-82",14.4,1.28,1.31,1.295,0.0338992590343766,0.0319370197287477,0.12528209491471,33.4871732480227
2016-01-18,6,"B",83,"w","B-83",25.4,1.89,1.84,1.865,0.193352258149631,0.0955866170003893,0.399520705300967,100.36904424141
2016-01-18,6,"B",84,"w","B-84",23.5,1.86,1.91,1.885,0.174943629243335,0.0823048231059317,0.364365693221987,90.2662332031885
2016-01-18,6,"B",85,"w","B-85",22.6,1.73,1.76,1.745,0.137790231561712,0.0762865485342516,0.317672117727865,80.5755829983691
2016-01-18,6,"B",86,"w","B-86",22,1.41,1.44,1.425,0.0830986171697144,0.0722939651967083,0.245184644251257,66.8073137508269
2016-01-18,6,"B",87,"w","B-87",18.3,1.52,1.61,1.565,0.0766609521863336,0.0507583244294813,0.21256215898323,54.627870608171
2016-01-18,6,"B",88,"w","B-88",26.4,1.86,1.84,1.85,0.201917909936142,0.102956677852473,0.416944622550052,105.584970100729
2016-01-18,6,"B",89,"w","B-89",20,1.34,1.29,1.315,0.0593855864118449,0.0601263982753713,0.197599626786635,54.7911975736769
2016-01-18,6,"B",90,"w","B-90",24,1.57,1.54,1.555,0.116587224628774,0.0855516146513659,0.303192625645543,80.8851294172346
2016-01-28,6,"B",76,"w","B-76",31.1,1.84,1.86,1.85,0.262443772343789,0.14114535447604,0.518950126550135,134.223245101609
2016-01-28,6,"B",77,"w","B-77",41,2.37,2.32,2.345,0.701863719307883,0.240858064245518,0.974607719436237,239.245097151606
2016-01-28,6,"B",78,"w","B-78",28.9,1.48,1.53,1.505,0.145662178290593,0.12230783727763,0.374857907371996,103.677845365403
2016-01-28,6,"B",79,"w","B-79",32.5,2.14,2.17,2.155,0.399018259184045,0.153859545780139,0.651097492261423,160.046783957688
2016-01-28,6,"B",80,"w","B-80",41,2.72,2.68,2.7,0.968425124626829,0.24118436023501,1.13825880307623,265.191803260991
2016-01-28,6,"B",81,"w","B-81",40.3,2.14,2.22,2.18,0.5779920020137,0.232839362946531,0.878920831522292,221.179137915093
2016-01-28,6,"B",82,"w","B-82",34.2,1.59,1.56,1.575,0.211569912785596,0.169220386825253,0.493501187044009,137.158032561838
2016-01-28,6,"B",83,"w","B-83",37.5,2.39,2.32,2.355,0.614416864940106,0.202843299528458,0.869162547460726,210.5864822126
2016-01-28,6,"B",84,"w","B-84",34.4,2.43,2.49,2.46,0.591241036516007,0.171865425942181,0.812655323631572,191.59308396143
2016-01-28,6,"B",85,"w","B-85",37.3,2.33,2.3,2.315,0.585808895223541,0.200732343565812,0.846850248245394,206.345240522739
2016-01-28,6,"B",86,"w","B-86",30,1.94,1.97,1.955,0.281037449804082,0.131760010255131,0.525575216990509,132.566062664298
2016-01-28,6,"B",87,"w","B-87",36.1,2.48,2.35,2.415,0.612314872193315,0.188559509859946,0.849297790055089,202.865312052741
2016-01-28,6,"B",88,"w","B-88",46.5,2.42,2.45,2.435,0.935589091295492,0.307032145348936,1.20188809578014,295.709889321222
2016-01-28,6,"B",89,"w","B-89",35.2,1.64,1.65,1.645,0.244687480897947,0.178951250607165,0.538024556864494,147.689285168349
2016-01-28,6,"B",90,"w","B-90",38.7,2.32,2.38,2.35,0.643050029263923,0.215522252054229,0.904393178885751,220.187904876281
2016-02-08,6,"B",76,"w","B-76",40.5,2.41,2.33,2.37,0.705088508270288,0.235258178593056,0.970025238388236,236.810879541608
2016-02-08,6,"B",77,"w","B-77",58.3,3.09,3.04,3.065,2.27229121332828,0.475617823045549,2.0945534685302,487.212184627764
2016-02-08,6,"B",79,"w","B-79",46.7,2.95,3.03,2.99,1.50561788999308,0.310191030708871,1.51545310729896,345.723809211115
2016-02-08,6,"B",80,"w","B-80",52.2,3.44,3.49,3.465,2.51954012229967,0.384901220304284,2.06841368195845,453.236710660604
2016-02-08,6,"B",81,"w","B-81",54.2,3,3.02,3.01,1.94012116878765,0.413240889210101,1.86264499020868,432.102635026212
2016-02-08,6,"B",82,"w","B-82",42.4,2.66,2.67,2.665,0.991878637097612,0.257260094243902,1.17349004402791,275.917946785188
2016-02-08,6,"B",83,"w","B-83",47.8,3.08,3.16,3.12,1.72228667395837,0.324545468791765,1.63832710950068,369.011547587766
2016-02-08,6,"B",84,"w","B-84",48.7,3.02,3.07,3.045,1.67855410760523,0.336335491589592,1.63525626849508,372.552364402606
2016-02-08,6,"B",85,"w","B-85",52.7,3.66,3.64,3.65,2.88094624704427,0.392227497217953,2.21840735078752,477.407460354451
2016-02-08,6,"B",86,"w","B-86",40.5,2.49,2.42,2.455,0.764173903783032,0.235337804752423,1.00840162694406,242.984961064981
2016-02-08,6,"B",87,"w","B-87",57,3.26,3.08,3.17,2.36701507940176,0.455554984708828,2.10919856235201,483.123431984098
2016-02-08,6,"B",88,"w","B-88",61.9,3.03,3.09,3.06,2.49163313317864,0.533773444396015,2.26500787822492,531.270628083555
2016-02-08,6,"B",89,"w","B-89",45.2,2.46,2.4,2.43,0.889900224215834,0.290712440813924,1.15460108415069,283.25413262975
2016-02-08,6,"B",90,"w","B-90",49.6,3.03,3.04,3.035,1.7155301717539,0.348395041459781,1.6696890916006,381.761821498068
2016-02-29,6,"B",84,"w","B-84",63,3.59,3.61,3.6,3.71462213012061,0.553050414761673,2.7733573765794,613.867750815391
2016-02-29,6,"B",88,"w","B-88",83.2,4.46,4.21,4.335,8.86041196406724,0.946471112292112,4.93385666043528,1056.63559868813
2016-02-29,6,"B",80,"w","B-80",69.5,5,5.1,5.05,9.41538123257408,0.670329080570622,4.59007012151369,907.61422341461
2016-02-29,6,"B",83,"w","B-83",65.5,4.49,4.44,4.465,6.46446196638741,0.59731761443112,3.70301946579076,760.568313487517
2016-02-29,6,"B",82,"w","B-82",69.5,4.4,4.2,4.3,6.52198547021831,0.669294873386792,3.84535434857305,807.051328908839
2016-02-29,6,"B",79,"w","B-79",67,5.08,5.04,5.06,8.91952002085837,0.624685658806649,4.38039771891299,861.439592967382
2016-02-29,6,"B",85,"w","B-85",76,5.56,5.52,5.54,13.4220469031164,0.796965098327953,5.72756303286816,1107.01035850001
2016-02-29,6,"B",76,"w","B-76",57.5,3.49,3.48,3.485,2.98010730906057,0.463702408519293,2.36857767915785,524.403927328345
